"","all_star_status","team_id","team_full_name","link","season","team_code","file_code","team_abbreviation","team_name","location_name","first_year_of_play","short_name","franchise_name","club_name","active","spring_league_id","spring_league_name","spring_league_link","spring_league_abbreviation","venue_id","venue_name","venue_link","spring_venue_id","spring_venue_link","league_id","league_name","league_link","division_id","division_name","division_link","sport_id","sport_link","sport_name","parent_org_name","parent_org_id"
"1","N",133,"Oakland Athletics","/api/v1/teams/133",2022,"oak","oak","OAK","Athletics","Oakland","1901","Oakland","Oakland","Athletics",TRUE,114,"Cactus League","/api/v1/league/114","CL",10,"Oakland Coliseum","/api/v1/venues/10",2507,"/api/v1/venues/2507",103,"American League","/api/v1/league/103",200,"American League West","/api/v1/divisions/200",1,"/api/v1/sports/1","Major League Baseball","",NA
"2","N",134,"Pittsburgh Pirates","/api/v1/teams/134",2022,"pit","pit","PIT","Pirates","Pittsburgh","1882","Pittsburgh","Pittsburgh","Pirates",TRUE,115,"Grapefruit League","/api/v1/league/115","GL",31,"PNC Park","/api/v1/venues/31",2526,"/api/v1/venues/2526",104,"National League","/api/v1/league/104",205,"National League Central","/api/v1/divisions/205",1,"/api/v1/sports/1","Major League Baseball","",NA
"3","N",135,"San Diego Padres","/api/v1/teams/135",2022,"sdn","sd","SD","Padres","San Diego","1968","San Diego","San Diego","Padres",TRUE,114,"Cactus League","/api/v1/league/114","CL",2680,"Petco Park","/api/v1/venues/2680",2530,"/api/v1/venues/2530",104,"National League","/api/v1/league/104",203,"National League West","/api/v1/divisions/203",1,"/api/v1/sports/1","Major League Baseball","",NA
"4","N",136,"Seattle Mariners","/api/v1/teams/136",2022,"sea","sea","SEA","Mariners","Seattle","1977","Seattle","Seattle","Mariners",TRUE,114,"Cactus League","/api/v1/league/114","CL",680,"T-Mobile Park","/api/v1/venues/680",2530,"/api/v1/venues/2530",103,"American League","/api/v1/league/103",200,"American League West","/api/v1/divisions/200",1,"/api/v1/sports/1","Major League Baseball","",NA
"5","N",137,"San Francisco Giants","/api/v1/teams/137",2022,"sfn","sf","SF","Giants","San Francisco","1883","San Francisco","San Francisco","Giants",TRUE,114,"Cactus League","/api/v1/league/114","CL",2395,"Oracle Park","/api/v1/venues/2395",2532,"/api/v1/venues/2532",104,"National League","/api/v1/league/104",203,"National League West","/api/v1/divisions/203",1,"/api/v1/sports/1","Major League Baseball","",NA
"6","N",138,"St. Louis Cardinals","/api/v1/teams/138",2022,"sln","stl","STL","Cardinals","St. Louis","1892","St. Louis","St. Louis","Cardinals",TRUE,115,"Grapefruit League","/api/v1/league/115","GL",2889,"Busch Stadium","/api/v1/venues/2889",2520,"/api/v1/venues/2520",104,"National League","/api/v1/league/104",205,"National League Central","/api/v1/divisions/205",1,"/api/v1/sports/1","Major League Baseball","",NA
"7","N",139,"Tampa Bay Rays","/api/v1/teams/139",2022,"tba","tb","TB","Rays","St. Petersburg","1996","Tampa Bay","Tampa Bay","Rays",TRUE,115,"Grapefruit League","/api/v1/league/115","GL",12,"Tropicana Field","/api/v1/venues/12",2534,"/api/v1/venues/2534",103,"American League","/api/v1/league/103",201,"American League East","/api/v1/divisions/201",1,"/api/v1/sports/1","Major League Baseball","",NA
"8","N",140,"Texas Rangers","/api/v1/teams/140",2022,"tex","tex","TEX","Rangers","Arlington","1961","Texas","Texas","Rangers",TRUE,114,"Cactus League","/api/v1/league/114","CL",5325,"Globe Life Field","/api/v1/venues/5325",2603,"/api/v1/venues/2603",103,"American League","/api/v1/league/103",200,"American League West","/api/v1/divisions/200",1,"/api/v1/sports/1","Major League Baseball","",NA
"9","N",141,"Toronto Blue Jays","/api/v1/teams/141",2022,"tor","tor","TOR","Blue Jays","Toronto","1977","Toronto","Toronto","Blue Jays",TRUE,115,"Grapefruit League","/api/v1/league/115","GL",14,"Rogers Centre","/api/v1/venues/14",2536,"/api/v1/venues/2536",103,"American League","/api/v1/league/103",201,"American League East","/api/v1/divisions/201",1,"/api/v1/sports/1","Major League Baseball","",NA
"10","N",142,"Minnesota Twins","/api/v1/teams/142",2022,"min","min","MIN","Twins","Minneapolis","1901","Minnesota","Minnesota","Twins",TRUE,115,"Grapefruit League","/api/v1/league/115","GL",3312,"Target Field","/api/v1/venues/3312",2862,"/api/v1/venues/2862",103,"American League","/api/v1/league/103",202,"American League Central","/api/v1/divisions/202",1,"/api/v1/sports/1","Major League Baseball","",NA
"11","N",143,"Philadelphia Phillies","/api/v1/teams/143",2022,"phi","phi","PHI","Phillies","Philadelphia","1883","Philadelphia","Philadelphia","Phillies",TRUE,115,"Grapefruit League","/api/v1/league/115","GL",2681,"Citizens Bank Park","/api/v1/venues/2681",2700,"/api/v1/venues/2700",104,"National League","/api/v1/league/104",204,"National League East","/api/v1/divisions/204",1,"/api/v1/sports/1","Major League Baseball","",NA
"12","N",144,"Atlanta Braves","/api/v1/teams/144",2022,"atl","atl","ATL","Braves","Atlanta","1871","Atlanta","Atlanta","Braves",TRUE,115,"Grapefruit League","/api/v1/league/115","GL",4705,"Truist Park","/api/v1/venues/4705",5380,"/api/v1/venues/5380",104,"National League","/api/v1/league/104",204,"National League East","/api/v1/divisions/204",1,"/api/v1/sports/1","Major League Baseball","",NA
"13","N",145,"Chicago White Sox","/api/v1/teams/145",2022,"cha","cws","CWS","White Sox","Chicago","1901","Chi White Sox","Chicago","White Sox",TRUE,114,"Cactus League","/api/v1/league/114","CL",4,"Guaranteed Rate Field","/api/v1/venues/4",3809,"/api/v1/venues/3809",103,"American League","/api/v1/league/103",202,"American League Central","/api/v1/divisions/202",1,"/api/v1/sports/1","Major League Baseball","",NA
"14","N",146,"Miami Marlins","/api/v1/teams/146",2022,"mia","mia","MIA","Marlins","Miami","1991","Miami","Miami","Marlins",TRUE,115,"Grapefruit League","/api/v1/league/115","GL",4169,"loanDepot park","/api/v1/venues/4169",2520,"/api/v1/venues/2520",104,"National League","/api/v1/league/104",204,"National League East","/api/v1/divisions/204",1,"/api/v1/sports/1","Major League Baseball","",NA
"15","N",147,"New York Yankees","/api/v1/teams/147",2022,"nya","nyy","NYY","Yankees","Bronx","1903","NY Yankees","New York","Yankees",TRUE,115,"Grapefruit League","/api/v1/league/115","GL",3313,"Yankee Stadium","/api/v1/venues/3313",2523,"/api/v1/venues/2523",103,"American League","/api/v1/league/103",201,"American League East","/api/v1/divisions/201",1,"/api/v1/sports/1","Major League Baseball","",NA
"16","N",158,"Milwaukee Brewers","/api/v1/teams/158",2022,"mil","mil","MIL","Brewers","Milwaukee","1968","Milwaukee","Milwaukee","Brewers",TRUE,114,"Cactus League","/api/v1/league/114","CL",32,"American Family Field","/api/v1/venues/32",2518,"/api/v1/venues/2518",104,"National League","/api/v1/league/104",205,"National League Central","/api/v1/divisions/205",1,"/api/v1/sports/1","Major League Baseball","",NA
"17","N",108,"Los Angeles Angels","/api/v1/teams/108",2022,"ana","ana","LAA","Angels","Anaheim","1961","LA Angels","Los Angeles","Angels",TRUE,114,"Cactus League","/api/v1/league/114","CL",1,"Angel Stadium","/api/v1/venues/1",2500,"/api/v1/venues/2500",103,"American League","/api/v1/league/103",200,"American League West","/api/v1/divisions/200",1,"/api/v1/sports/1","Major League Baseball","",NA
"18","N",109,"Arizona Diamondbacks","/api/v1/teams/109",2022,"ari","ari","ARI","D-backs","Phoenix","1996","Arizona","Arizona","Diamondbacks",TRUE,114,"Cactus League","/api/v1/league/114","CL",15,"Chase Field","/api/v1/venues/15",4249,"/api/v1/venues/4249",104,"National League","/api/v1/league/104",203,"National League West","/api/v1/divisions/203",1,"/api/v1/sports/1","Major League Baseball","",NA
"19","N",110,"Baltimore Orioles","/api/v1/teams/110",2022,"bal","bal","BAL","Orioles","Baltimore","1901","Baltimore","Baltimore","Orioles",TRUE,115,"Grapefruit League","/api/v1/league/115","GL",2,"Oriole Park at Camden Yards","/api/v1/venues/2",2508,"/api/v1/venues/2508",103,"American League","/api/v1/league/103",201,"American League East","/api/v1/divisions/201",1,"/api/v1/sports/1","Major League Baseball","",NA
"20","N",111,"Boston Red Sox","/api/v1/teams/111",2022,"bos","bos","BOS","Red Sox","Boston","1901","Boston","Boston","Red Sox",TRUE,115,"Grapefruit League","/api/v1/league/115","GL",3,"Fenway Park","/api/v1/venues/3",4309,"/api/v1/venues/4309",103,"American League","/api/v1/league/103",201,"American League East","/api/v1/divisions/201",1,"/api/v1/sports/1","Major League Baseball","",NA
"21","N",112,"Chicago Cubs","/api/v1/teams/112",2022,"chn","chc","CHC","Cubs","Chicago","1874","Chi Cubs","Chicago","Cubs",TRUE,114,"Cactus League","/api/v1/league/114","CL",17,"Wrigley Field","/api/v1/venues/17",4629,"/api/v1/venues/4629",104,"National League","/api/v1/league/104",205,"National League Central","/api/v1/divisions/205",1,"/api/v1/sports/1","Major League Baseball","",NA
"22","N",113,"Cincinnati Reds","/api/v1/teams/113",2022,"cin","cin","CIN","Reds","Cincinnati","1882","Cincinnati","Cincinnati","Reds",TRUE,114,"Cactus League","/api/v1/league/114","CL",2602,"Great American Ball Park","/api/v1/venues/2602",3834,"/api/v1/venues/3834",104,"National League","/api/v1/league/104",205,"National League Central","/api/v1/divisions/205",1,"/api/v1/sports/1","Major League Baseball","",NA
"23","N",114,"Cleveland Guardians","/api/v1/teams/114",2022,"cle","cle","CLE","Guardians","Cleveland","1901","Cleveland","Cleveland","Guardians",TRUE,114,"Cactus League","/api/v1/league/114","CL",5,"Progressive Field","/api/v1/venues/5",3834,"/api/v1/venues/3834",103,"American League","/api/v1/league/103",202,"American League Central","/api/v1/divisions/202",1,"/api/v1/sports/1","Major League Baseball","",NA
"24","N",115,"Colorado Rockies","/api/v1/teams/115",2022,"col","col","COL","Rockies","Denver","1992","Colorado","Colorado","Rockies",TRUE,114,"Cactus League","/api/v1/league/114","CL",19,"Coors Field","/api/v1/venues/19",4249,"/api/v1/venues/4249",104,"National League","/api/v1/league/104",203,"National League West","/api/v1/divisions/203",1,"/api/v1/sports/1","Major League Baseball","",NA
"25","N",116,"Detroit Tigers","/api/v1/teams/116",2022,"det","det","DET","Tigers","Detroit","1901","Detroit","Detroit","Tigers",TRUE,115,"Grapefruit League","/api/v1/league/115","GL",2394,"Comerica Park","/api/v1/venues/2394",2511,"/api/v1/venues/2511",103,"American League","/api/v1/league/103",202,"American League Central","/api/v1/divisions/202",1,"/api/v1/sports/1","Major League Baseball","",NA
"26","N",117,"Houston Astros","/api/v1/teams/117",2022,"hou","hou","HOU","Astros","Houston","1962","Houston","Houston","Astros",TRUE,115,"Grapefruit League","/api/v1/league/115","GL",2392,"Minute Maid Park","/api/v1/venues/2392",5000,"/api/v1/venues/5000",103,"American League","/api/v1/league/103",200,"American League West","/api/v1/divisions/200",1,"/api/v1/sports/1","Major League Baseball","",NA
"27","N",118,"Kansas City Royals","/api/v1/teams/118",2022,"kca","kc","KC","Royals","Kansas City","1968","Kansas City","Kansas City","Royals",TRUE,114,"Cactus League","/api/v1/league/114","CL",7,"Kauffman Stadium","/api/v1/venues/7",2603,"/api/v1/venues/2603",103,"American League","/api/v1/league/103",202,"American League Central","/api/v1/divisions/202",1,"/api/v1/sports/1","Major League Baseball","",NA
"28","N",119,"Los Angeles Dodgers","/api/v1/teams/119",2022,"lan","la","LAD","Dodgers","Los Angeles","1884","LA Dodgers","Los Angeles","Dodgers",TRUE,114,"Cactus League","/api/v1/league/114","CL",22,"Dodger Stadium","/api/v1/venues/22",3809,"/api/v1/venues/3809",104,"National League","/api/v1/league/104",203,"National League West","/api/v1/divisions/203",1,"/api/v1/sports/1","Major League Baseball","",NA
"29","N",120,"Washington Nationals","/api/v1/teams/120",2022,"was","was","WSH","Nationals","Washington","1968","Washington","Washington","Nationals",TRUE,115,"Grapefruit League","/api/v1/league/115","GL",3309,"Nationals Park","/api/v1/venues/3309",5000,"/api/v1/venues/5000",104,"National League","/api/v1/league/104",204,"National League East","/api/v1/divisions/204",1,"/api/v1/sports/1","Major League Baseball","",NA
"30","N",121,"New York Mets","/api/v1/teams/121",2022,"nyn","nym","NYM","Mets","Flushing","1962","NY Mets","New York","Mets",TRUE,115,"Grapefruit League","/api/v1/league/115","GL",3289,"Citi Field","/api/v1/venues/3289",2856,"/api/v1/venues/2856",104,"National League","/api/v1/league/104",204,"National League East","/api/v1/divisions/204",1,"/api/v1/sports/1","Major League Baseball","",NA
"31","N",512,"Toledo Mud Hens","/api/v1/teams/512",2022,"tol","t512","TOL","Mud Hens","Toledo","1932","Toledo","Toledo","Mud Hens",TRUE,NA,"","","",2767,"Fifth Third Field","/api/v1/venues/2767",NA,"",117,"International League","/api/v1/league/117",221,"International League West","/api/v1/divisions/221",11,"/api/v1/sports/11","Triple-A","Detroit Tigers",116
"32","N",1410,"Lehigh Valley IronPigs","/api/v1/teams/1410",2022,"lhv","t1410","LHV","IronPigs","Allentown","2008","Lehigh Valley","Lehigh Valley","IronPigs",TRUE,NA,"","","",3230,"Coca-Cola Park","/api/v1/venues/3230",NA,"",117,"International League","/api/v1/league/117",219,"International League East","/api/v1/divisions/219",11,"/api/v1/sports/11","Triple-A","Philadelphia Phillies",143
"33","N",451,"Iowa Cubs","/api/v1/teams/451",2022,"iow","t451","IOW","Cubs","Des Moines","1969","Iowa","Iowa","Cubs",TRUE,NA,"","","",2844,"Principal Park","/api/v1/venues/2844",NA,"",117,"International League","/api/v1/league/117",221,"International League West","/api/v1/divisions/221",11,"/api/v1/sports/11","Triple-A","Chicago Cubs",112
"34","N",2310,"Reno Aces","/api/v1/teams/2310",2022,"ren","t2310","RNO","Aces","Reno","2009","Reno","Reno","Aces",TRUE,NA,"","","",3789,"Greater Nevada Field","/api/v1/venues/3789",NA,"",112,"Pacific Coast League","/api/v1/league/112",231,"Pacific Coast League West","/api/v1/divisions/231",11,"/api/v1/sports/11","Triple-A","Arizona Diamondbacks",109
"35","N",400,"Las Vegas Aviators","/api/v1/teams/400",2022,"lvg","t400","LV","Aviators","Summerlin","1983","Las Vegas","Las Vegas","Aviators",TRUE,NA,"","","",5355,"Las Vegas Ballpark","/api/v1/venues/5355",NA,"",112,"Pacific Coast League","/api/v1/league/112",231,"Pacific Coast League West","/api/v1/divisions/231",11,"/api/v1/sports/11","Triple-A","Oakland Athletics",133
"36","N",529,"Tacoma Rainiers","/api/v1/teams/529",2022,"tac","t529","TAC","Rainiers","Tacoma","1960","Tacoma","Tacoma","Rainiers",TRUE,NA,"","","",2745,"Cheney Stadium","/api/v1/venues/2745",NA,"",112,"Pacific Coast League","/api/v1/league/112",231,"Pacific Coast League West","/api/v1/divisions/231",11,"/api/v1/sports/11","Triple-A","Seattle Mariners",136
"37","N",531,"Scranton/Wilkes-Barre RailRiders","/api/v1/teams/531",2022,"swb","t531","SWB","RailRiders","Moosic","1989","Scranton/WB","Scranton/WB","RailRiders",TRUE,NA,"","","",2797,"PNC Field","/api/v1/venues/2797",NA,"",117,"International League","/api/v1/league/117",219,"International League East","/api/v1/divisions/219",11,"/api/v1/sports/11","Triple-A","New York Yankees",147
"38","N",533,"Worcester Red Sox","/api/v1/teams/533",2022,"wor","t533","WOR","Red Sox","Worcester","1970","Worcester","Worcester","Red Sox",TRUE,NA,"","","",5410,"Polar Park","/api/v1/venues/5410",NA,"",117,"International League","/api/v1/league/117",219,"International League East","/api/v1/divisions/219",11,"/api/v1/sports/11","Triple-A","Boston Red Sox",111
"39","N",534,"Rochester Red Wings","/api/v1/teams/534",2022,"roc","t534","ROC","Red Wings","Rochester","1927","Rochester","Rochester","Red Wings",TRUE,NA,"","","",2773,"Frontier Field","/api/v1/venues/2773",NA,"",117,"International League","/api/v1/league/117",219,"International League East","/api/v1/divisions/219",11,"/api/v1/sports/11","Triple-A","Washington Nationals",120
"40","N",342,"Albuquerque Isotopes","/api/v1/teams/342",2022,"alb","t342","ABQ","Isotopes","Albuquerque","1946","Albuquerque","Albuquerque","Isotopes",TRUE,NA,"","","",2683,"Isotopes Park","/api/v1/venues/2683",NA,"",112,"Pacific Coast League","/api/v1/league/112",233,"Pacific Coast League East","/api/v1/divisions/233",11,"/api/v1/sports/11","Triple-A","Colorado Rockies",115
"41","N",541,"Omaha Storm Chasers","/api/v1/teams/541",2022,"oma","t541","OMA","Storm Chasers","Papillion","1969","Omaha","Omaha","Storm Chasers",TRUE,NA,"","","",4271,"Werner Park","/api/v1/venues/4271",NA,"",117,"International League","/api/v1/league/117",221,"International League West","/api/v1/divisions/221",11,"/api/v1/sports/11","Triple-A","Kansas City Royals",118
"42","N",416,"Louisville Bats","/api/v1/teams/416",2022,"lou","t416","LOU","Bats","Louisville","1982","Louisville","Louisville","Bats",TRUE,NA,"","","",2724,"Louisville Slugger Field","/api/v1/venues/2724",NA,"",117,"International League","/api/v1/league/117",221,"International League West","/api/v1/divisions/221",11,"/api/v1/sports/11","Triple-A","Cincinnati Reds",113
"43","N",484,"Indianapolis Indians","/api/v1/teams/484",2022,"ind","t484","IND","Indians","Indianapolis","1932","Indianapolis","Indianapolis","Indians",TRUE,NA,"","","",2858,"Victory Field","/api/v1/venues/2858",NA,"",117,"International League","/api/v1/league/117",221,"International League West","/api/v1/divisions/221",11,"/api/v1/sports/11","Triple-A","Pittsburgh Pirates",134
"44","N",422,"Buffalo Bisons","/api/v1/teams/422",2022,"buf","t422","BUF","Bisons","Buffalo","1927","Buffalo","Buffalo","Bisons",TRUE,NA,"","","",2756,"Sahlen Field","/api/v1/venues/2756",NA,"",117,"International League","/api/v1/league/117",219,"International League East","/api/v1/divisions/219",11,"/api/v1/sports/11","Triple-A","Toronto Blue Jays",141
"45","N",102,"Round Rock Express","/api/v1/teams/102",2022,"rre","t102","RR","Express","Round Rock","2000","Round Rock","Round Rock","Express",TRUE,NA,"","","",2528,"Dell Diamond","/api/v1/venues/2528",NA,"",112,"Pacific Coast League","/api/v1/league/112",233,"Pacific Coast League East","/api/v1/divisions/233",11,"/api/v1/sports/11","Triple-A","Texas Rangers",140
"46","N",1960,"St. Paul Saints","/api/v1/teams/1960",2022,"stp","t1960","STP","Saints","St. Paul","1993","St. Paul","St. Paul","Saints",TRUE,NA,"","","",5472,"CHS Field","/api/v1/venues/5472",NA,"",117,"International League","/api/v1/league/117",221,"International League West","/api/v1/divisions/221",11,"/api/v1/sports/11","Triple-A","Minnesota Twins",142
"47","N",552,"Syracuse Mets","/api/v1/teams/552",2022,"syr","t552","SYR","Mets","Syracuse","1927","Syracuse","Syracuse","Mets",TRUE,NA,"","","",2823,"NBT Bank Stadium","/api/v1/venues/2823",NA,"",117,"International League","/api/v1/league/117",219,"International League East","/api/v1/divisions/219",11,"/api/v1/sports/11","Triple-A","New York Mets",121
"48","N",4904,"El Paso Chihuahuas","/api/v1/teams/4904",2022,"elp","t4904","ELP","Chihuahuas","El Paso","2014","El Paso","El Paso","Chihuahuas",TRUE,NA,"","","",4669,"Southwest University Park","/api/v1/venues/4669",NA,"",112,"Pacific Coast League","/api/v1/league/112",233,"Pacific Coast League East","/api/v1/divisions/233",11,"/api/v1/sports/11","Triple-A","San Diego Padres",135
"49","N",105,"Sacramento River Cats","/api/v1/teams/105",2022,"src","t105","SAC","River Cats","Sacramento","2000","Sacramento","Sacramento","River Cats",TRUE,NA,"","","",2529,"Sutter Health Park","/api/v1/venues/2529",NA,"",112,"Pacific Coast League","/api/v1/league/112",231,"Pacific Coast League West","/api/v1/divisions/231",11,"/api/v1/sports/11","Triple-A","San Francisco Giants",137
"50","N",234,"Durham Bulls","/api/v1/teams/234",2022,"dub","t234","DUR","Bulls","Durham","1945","Durham","Durham","Bulls",TRUE,NA,"","","",2541,"Durham Bulls Athletic Park","/api/v1/venues/2541",NA,"",117,"International League","/api/v1/league/117",219,"International League East","/api/v1/divisions/219",11,"/api/v1/sports/11","Triple-A","Tampa Bay Rays",139
"51","N",235,"Memphis Redbirds","/api/v1/teams/235",2022,"mrb","t235","MEM","Redbirds","Memphis","1984","Memphis","Memphis","Redbirds",TRUE,NA,"","","",2542,"AutoZone Park","/api/v1/venues/2542",NA,"",117,"International League","/api/v1/league/117",221,"International League West","/api/v1/divisions/221",11,"/api/v1/sports/11","Triple-A","St. Louis Cardinals",138
"52","N",556,"Nashville Sounds","/api/v1/teams/556",2022,"nas","t556","NAS","Sounds","Nashville","1978","Nashville","Nashville","Sounds",TRUE,NA,"","","",4715,"First Horizon Park","/api/v1/venues/4715",NA,"",117,"International League","/api/v1/league/117",221,"International League West","/api/v1/divisions/221",11,"/api/v1/sports/11","Triple-A","Milwaukee Brewers",158
"53","N",494,"Charlotte Knights","/api/v1/teams/494",2022,"chr","t494","CLT","Knights","Charlotte","1954","Charlotte","Charlotte","Knights",TRUE,NA,"","","",4670,"Truist Field","/api/v1/venues/4670",NA,"",117,"International League","/api/v1/league/117",219,"International League East","/api/v1/divisions/219",11,"/api/v1/sports/11","Triple-A","Chicago White Sox",145
"54","N",238,"Oklahoma City Dodgers","/api/v1/teams/238",2022,"okc","t238","OKC","Dodgers","Oklahoma City","1962","Okla. City","Oklahoma City","Dodgers",TRUE,NA,"","","",2843,"Chickasaw Bricktown Ballpark","/api/v1/venues/2843",NA,"",112,"Pacific Coast League","/api/v1/league/112",233,"Pacific Coast League East","/api/v1/divisions/233",11,"/api/v1/sports/11","Triple-A","Los Angeles Dodgers",119
"55","N",431,"Gwinnett Stripers","/api/v1/teams/431",2022,"gwi","t431","GWN","Stripers","Lawrenceville","1966","Gwinnett","Gwinnett","Stripers",TRUE,NA,"","","",3810,"Coolray Field","/api/v1/venues/3810",NA,"",117,"International League","/api/v1/league/117",221,"International League West","/api/v1/divisions/221",11,"/api/v1/sports/11","Triple-A","Atlanta Braves",144
"56","N",561,"Salt Lake Bees","/api/v1/teams/561",2022,"slc","t561","SL","Bees","Salt Lake City","1994","Salt Lake","Salt Lake","Bees",TRUE,NA,"","","",2772,"Smith's Ballpark","/api/v1/venues/2772",NA,"",112,"Pacific Coast League","/api/v1/league/112",231,"Pacific Coast League West","/api/v1/divisions/231",11,"/api/v1/sports/11","Triple-A","Los Angeles Angels",108
"57","N",564,"Jacksonville Jumbo Shrimp","/api/v1/teams/564",2022,"jax","t564","JAX","Jumbo Shrimp","Jacksonville","1970","Jacksonville","Jacksonville","Jumbo Shrimp",TRUE,NA,"","","",2852,"121 Financial Ballpark","/api/v1/venues/2852",NA,"",117,"International League","/api/v1/league/117",219,"International League East","/api/v1/divisions/219",11,"/api/v1/sports/11","Triple-A","Miami Marlins",146
"58","N",568,"Norfolk Tides","/api/v1/teams/568",2022,"nor","t568","NOR","Tides","Norfolk","1961","Norfolk","Norfolk","Tides",TRUE,NA,"","","",2781,"Harbor Park","/api/v1/venues/2781",NA,"",117,"International League","/api/v1/league/117",219,"International League East","/api/v1/divisions/219",11,"/api/v1/sports/11","Triple-A","Baltimore Orioles",110
"59","N",5434,"Sugar Land Space Cowboys","/api/v1/teams/5434",2022,"sls","t5434","SUG","Space Cowboys","Sugar Land","2012","Sugar Land","Sugar Land","Space Cowboys",TRUE,NA,"","","",5421,"Constellation Field","/api/v1/venues/5421",NA,"",112,"Pacific Coast League","/api/v1/league/112",233,"Pacific Coast League East","/api/v1/divisions/233",11,"/api/v1/sports/11","Triple-A","Houston Astros",117
"60","N",445,"Columbus Clippers","/api/v1/teams/445",2022,"col","t445","COL","Clippers","Columbus","1977","Columbus","Columbus","Clippers",TRUE,NA,"","","",3970,"Huntington Park","/api/v1/venues/3970",NA,"",117,"International League","/api/v1/league/117",221,"International League West","/api/v1/divisions/221",11,"/api/v1/sports/11","Triple-A","Cleveland Guardians",114
"61","N",452,"Altoona Curve","/api/v1/teams/452",2022,"alt","t452","ALT","Curve","Altoona","1999","Altoona","Altoona","Curve",TRUE,NA,"","","",2733,"Peoples Natural Gas Field","/api/v1/venues/2733",NA,"",113,"Eastern League","/api/v1/league/113",213,"Eastern League Southwest","/api/v1/divisions/213",12,"/api/v1/sports/12","Double-A","Pittsburgh Pirates",134
"62","N",260,"Tulsa Drillers","/api/v1/teams/260",2022,"tul","t260","TUL","Drillers","Tulsa","1977","Tulsa","Tulsa","Drillers",TRUE,NA,"","","",4149,"ONEOK Field","/api/v1/venues/4149",NA,"",109,"Texas League","/api/v1/league/109",241,"Texas League North","/api/v1/divisions/241",12,"/api/v1/sports/12","Double-A","Los Angeles Dodgers",119
"63","N",1350,"Northwest Arkansas Naturals","/api/v1/teams/1350",2022,"nwa","t1350","NWA","Naturals","Springdale","2008","NW Arkansas","NW Arkansas","Naturals",TRUE,NA,"","","",3329,"Arvest Ballpark","/api/v1/venues/3329",NA,"",109,"Texas League","/api/v1/league/109",241,"Texas League North","/api/v1/divisions/241",12,"/api/v1/sports/12","Double-A","Kansas City Royals",118
"64","N",522,"Reading Fightin Phils","/api/v1/teams/522",2022,"rea","t522","REA","Fightin Phils","Reading","1952","Reading","Reading","Fightin Phils",TRUE,NA,"","","",2769,"FirstEnergy Stadium","/api/v1/venues/2769",NA,"",113,"Eastern League","/api/v1/league/113",212,"Eastern League Northeast","/api/v1/divisions/212",12,"/api/v1/sports/12","Double-A","Philadelphia Phillies",143
"65","N",463,"New Hampshire Fisher Cats","/api/v1/teams/463",2022,"nhm","t463","NH","Fisher Cats","Manchester","2004","New Hampshire","New Hampshire","Fisher Cats",TRUE,NA,"","","",2868,"Delta Dental Stadium","/api/v1/venues/2868",NA,"",113,"Eastern League","/api/v1/league/113",212,"Eastern League Northeast","/api/v1/divisions/212",12,"/api/v1/sports/12","Double-A","Toronto Blue Jays",141
"66","N",3410,"Richmond Flying Squirrels","/api/v1/teams/3410",2022,"ric","t3410","RIC","Flying Squirrels","Richmond","2010","Richmond","Richmond","Flying Squirrels",TRUE,NA,"","","",2853,"The Diamond","/api/v1/venues/2853",NA,"",113,"Eastern League","/api/v1/league/113",213,"Eastern League Southwest","/api/v1/divisions/213",12,"/api/v1/sports/12","Double-A","San Francisco Giants",137
"67","N",402,"Akron RubberDucks","/api/v1/teams/402",2022,"akr","t402","AKR","RubberDucks","Akron","1989","Akron","Akron","RubberDucks",TRUE,NA,"","","",2740,"Canal Park","/api/v1/venues/2740",NA,"",113,"Eastern League","/api/v1/league/113",213,"Eastern League Southwest","/api/v1/divisions/213",12,"/api/v1/sports/12","Double-A","Cleveland Guardians",114
"68","N",5015,"Biloxi Shuckers","/api/v1/teams/5015",2022,"blx","t5015","BLX","Shuckers","Biloxi","2015","Biloxi","Biloxi","Shuckers",TRUE,NA,"","","",4960,"MGM Park","/api/v1/venues/4960",NA,"",111,"Southern League","/api/v1/league/111",240,"Southern League South","/api/v1/divisions/240",12,"/api/v1/sports/12","Double-A","Milwaukee Brewers",158
"69","N",538,"Hartford Yard Goats","/api/v1/teams/538",2022,"hfd","t538","HFD","Yard Goats","Hartford","1983","Hartford","Hartford","Yard Goats",TRUE,NA,"","","",4985,"Dunkin' Donuts Park","/api/v1/venues/4985",NA,"",113,"Eastern League","/api/v1/league/113",212,"Eastern League Northeast","/api/v1/divisions/212",12,"/api/v1/sports/12","Double-A","Colorado Rockies",115
"70","N",4124,"Pensacola Blue Wahoos","/api/v1/teams/4124",2022,"pen","t4124","PNS","Blue Wahoos","Pensacola","2012","Pensacola","Pensacola","Blue Wahoos",TRUE,NA,"","","",4329,"Blue Wahoos Stadium","/api/v1/venues/4329",NA,"",111,"Southern League","/api/v1/league/111",240,"Southern League South","/api/v1/divisions/240",12,"/api/v1/sports/12","Double-A","Miami Marlins",146
"71","N",540,"Frisco RoughRiders","/api/v1/teams/540",2022,"fri","t540","FRI","RoughRiders","Frisco","2003","Frisco","Frisco","RoughRiders",TRUE,NA,"","","",2755,"Riders Field","/api/v1/venues/2755",NA,"",109,"Texas League","/api/v1/league/109",242,"Texas League South","/api/v1/divisions/242",12,"/api/v1/sports/12","Double-A","Texas Rangers",140
"72","N",546,"Portland Sea Dogs","/api/v1/teams/546",2022,"prt","t546","POR","Sea Dogs","Portland","1994","Portland","Portland","Sea Dogs",TRUE,NA,"","","",2779,"Hadlock Field","/api/v1/venues/2779",NA,"",113,"Eastern League","/api/v1/league/113",212,"Eastern League Northeast","/api/v1/divisions/212",12,"/api/v1/sports/12","Double-A","Boston Red Sox",111
"73","N",482,"Corpus Christi Hooks","/api/v1/teams/482",2022,"cor","t482","CC","Hooks","Corpus Christi","1974","Corpus Christi","Corpus Christi","Hooks",TRUE,NA,"","","",2861,"Whataburger Field","/api/v1/venues/2861",NA,"",109,"Texas League","/api/v1/league/109",242,"Texas League South","/api/v1/divisions/242",12,"/api/v1/sports/12","Double-A","Houston Astros",117
"74","N",418,"Bowie Baysox","/api/v1/teams/418",2022,"bow","t418","BOW","Baysox","Bowie","1993","Bowie","Bowie","Baysox",TRUE,NA,"","","",2832,"Prince George's Stadium","/api/v1/venues/2832",NA,"",113,"Eastern League","/api/v1/league/113",213,"Eastern League Southwest","/api/v1/divisions/213",12,"/api/v1/sports/12","Double-A","Baltimore Orioles",110
"75","N",547,"Harrisburg Senators","/api/v1/teams/547",2022,"har","t547","HBG","Senators","Harrisburg","1932","Harrisburg","Harrisburg","Senators",TRUE,NA,"","","",2749,"FNB Field","/api/v1/venues/2749",NA,"",113,"Eastern League","/api/v1/league/113",213,"Eastern League Southwest","/api/v1/divisions/213",12,"/api/v1/sports/12","Double-A","Washington Nationals",120
"76","N",1956,"Somerset Patriots","/api/v1/teams/1956",2022,"som","t1956","SOM","Patriots","Bridgewater","1998","Somerset","Somerset","Patriots",TRUE,NA,"","","",5418,"TD Bank Ballpark","/api/v1/venues/5418",NA,"",113,"Eastern League","/api/v1/league/113",212,"Eastern League Northeast","/api/v1/divisions/212",12,"/api/v1/sports/12","Double-A","New York Yankees",147
"77","N",421,"Montgomery Biscuits","/api/v1/teams/421",2022,"mon","t421","MTG","Biscuits","Montgomery","1951","Montgomery","Montgomery","Biscuits",TRUE,NA,"","","",2814,"Montgomery Riverwalk Stadium","/api/v1/venues/2814",NA,"",111,"Southern League","/api/v1/league/111",240,"Southern League South","/api/v1/divisions/240",12,"/api/v1/sports/12","Double-A","Tampa Bay Rays",139
"78","N",553,"Tennessee Smokies","/api/v1/teams/553",2022,"ten","t553","TNS","Smokies","Kodak","1932","Tennessee","Tennessee","Smokies",TRUE,NA,"","","",2848,"Smokies Stadium","/api/v1/venues/2848",NA,"",111,"Southern League","/api/v1/league/111",239,"Southern League North","/api/v1/divisions/239",12,"/api/v1/sports/12","Double-A","Chicago Cubs",112
"79","N",106,"Erie SeaWolves","/api/v1/teams/106",2022,"esw","t106","ERI","SeaWolves","Erie","1995","Erie","Erie","SeaWolves",TRUE,NA,"","","",2512,"UPMC Park","/api/v1/venues/2512",NA,"",113,"Eastern League","/api/v1/league/113",213,"Eastern League Southwest","/api/v1/divisions/213",12,"/api/v1/sports/12","Double-A","Detroit Tigers",116
"80","N",237,"Midland RockHounds","/api/v1/teams/237",2022,"mro","t237","MID","RockHounds","Midland","1972","Midland","Midland","RockHounds",TRUE,NA,"","","",2768,"Momentum Bank Ballpark","/api/v1/venues/2768",NA,"",109,"Texas League","/api/v1/league/109",242,"Texas League South","/api/v1/divisions/242",12,"/api/v1/sports/12","Double-A","Oakland Athletics",133
"81","N",430,"Mississippi Braves","/api/v1/teams/430",2022,"msb","t430","MIS","Braves","Pearl","2005","Mississippi","Mississippi","Braves",TRUE,NA,"","","",2813,"Trustmark Park","/api/v1/venues/2813",NA,"",111,"Southern League","/api/v1/league/111",240,"Southern League South","/api/v1/divisions/240",12,"/api/v1/sports/12","Double-A","Atlanta Braves",144
"82","N",559,"Rocket City Trash Pandas","/api/v1/teams/559",2022,"roc","t559","RCT","Trash Pandas","Madison","1985","Rocket City","Rocket City","Trash Pandas",TRUE,NA,"","","",5455,"Toyota Field","/api/v1/venues/5455",NA,"",111,"Southern League","/api/v1/league/111",239,"Southern League North","/api/v1/divisions/239",12,"/api/v1/sports/12","Double-A","Los Angeles Angels",108
"83","N",498,"Chattanooga Lookouts","/api/v1/teams/498",2022,"cng","t498","CHA","Lookouts","Chattanooga","1932","Chattanooga","Chattanooga","Lookouts",TRUE,NA,"","","",2682,"AT&T Field","/api/v1/venues/2682",NA,"",111,"Southern League","/api/v1/league/111",239,"Southern League North","/api/v1/divisions/239",12,"/api/v1/sports/12","Double-A","Cincinnati Reds",113
"84","N",247,"Birmingham Barons","/api/v1/teams/247",2022,"bir","t247","BIR","Barons","Birmingham","1932","Birmingham","Birmingham","Barons",TRUE,NA,"","","",4529,"Regions Field","/api/v1/venues/4529",NA,"",111,"Southern League","/api/v1/league/111",239,"Southern League North","/api/v1/divisions/239",12,"/api/v1/sports/12","Double-A","Chicago White Sox",145
"85","N",5368,"Amarillo Sod Poodles","/api/v1/teams/5368",2022,"ama","t5368","AMA","Sod Poodles","Amarillo","2019","Amarillo","Amarillo","Sod Poodles",TRUE,NA,"","","",5415,"Hodgetown","/api/v1/venues/5415",NA,"",109,"Texas League","/api/v1/league/109",242,"Texas League South","/api/v1/divisions/242",12,"/api/v1/sports/12","Double-A","Arizona Diamondbacks",109
"86","N",440,"Springfield Cardinals","/api/v1/teams/440",2022,"spr","t440","SPR","Cardinals","Springfield","2005","Springfield","Springfield","Cardinals",TRUE,NA,"","","",2722,"Hammons Field","/api/v1/venues/2722",NA,"",109,"Texas League","/api/v1/league/109",241,"Texas League North","/api/v1/divisions/241",12,"/api/v1/sports/12","Double-A","St. Louis Cardinals",138
"87","N",505,"Binghamton Rumble Ponies","/api/v1/teams/505",2022,"bin","t505","BNG","Rumble Ponies","Binghamton","1992","Binghamton","Binghamton","Rumble Ponies",TRUE,NA,"","","",2820,"Mirabito Stadium","/api/v1/venues/2820",NA,"",113,"Eastern League","/api/v1/league/113",212,"Eastern League Northeast","/api/v1/divisions/212",12,"/api/v1/sports/12","Double-A","New York Mets",121
"88","N",3898,"Wichita Wind Surge","/api/v1/teams/3898",2022,"wch","t3898","WCH","Wind Surge","Wichita","1970","Wichita","Wichita","Wind Surge",TRUE,NA,"","","",5450,"Riverfront Stadium","/api/v1/venues/5450",NA,"",109,"Texas League","/api/v1/league/109",241,"Texas League North","/api/v1/divisions/241",12,"/api/v1/sports/12","Double-A","Minnesota Twins",142
"89","N",574,"Arkansas Travelers","/api/v1/teams/574",2022,"ark","t574","ARK","Travelers","North Little Rock","1932","Arkansas","Arkansas","Travelers",TRUE,NA,"","","",3389,"Dickey-Stephens Park","/api/v1/venues/3389",NA,"",109,"Texas League","/api/v1/league/109",241,"Texas League North","/api/v1/divisions/241",12,"/api/v1/sports/12","Double-A","Seattle Mariners",136
"90","N",510,"San Antonio Missions","/api/v1/teams/510",2022,"san","t510","SA","Missions","San Antonio","1946","San Antonio","San Antonio","Missions",TRUE,NA,"","","",2818,"Nelson Wolff Stadium","/api/v1/venues/2818",NA,"",109,"Texas League","/api/v1/league/109",242,"Texas League South","/api/v1/divisions/242",12,"/api/v1/sports/12","Double-A","San Diego Padres",135
"91","N",448,"Hickory Crawdads","/api/v1/teams/448",2022,"hic","t448","HIC","Crawdads","Hickory","1993","Hickory","Hickory","Crawdads",TRUE,NA,"","","",2796,"L.P. Frans Stadium","/api/v1/venues/2796",NA,"",116,"South Atlantic League","/api/v1/league/116",238,"South Atlantic League South","/api/v1/divisions/238",13,"/api/v1/sports/13","High-A","Texas Rangers",140
"92","N",2498,"Bowling Green Hot Rods","/api/v1/teams/2498",2022,"bgr","t2498","BG","Hot Rods","Bowling Green","2009","Bowling Green","Bowling Green","Hot Rods",TRUE,NA,"","","",3569,"Bowling Green Ballpark","/api/v1/venues/3569",NA,"",116,"South Atlantic League","/api/v1/league/116",238,"South Atlantic League South","/api/v1/divisions/238",13,"/api/v1/sports/13","High-A","Tampa Bay Rays",139
"93","N",580,"Winston-Salem Dash","/api/v1/teams/580",2022,"wsw","t580","WS","Dash","Winston-Salem","1945","Winston-Salem","Winston-Salem","Dash",TRUE,NA,"","","",4089,"Truist Stadium","/api/v1/venues/4089",NA,"",116,"South Atlantic League","/api/v1/league/116",238,"South Atlantic League South","/api/v1/divisions/238",13,"/api/v1/sports/13","High-A","Chicago White Sox",145
"94","N",453,"Brooklyn Cyclones","/api/v1/teams/453",2022,"bro","t453","BRK","Cyclones","Brooklyn","2001","Brooklyn","Brooklyn","Cyclones",TRUE,NA,"","","",2795,"Maimonides Park","/api/v1/venues/2795",NA,"",116,"South Atlantic League","/api/v1/league/116",237,"South Atlantic League North","/api/v1/divisions/237",13,"/api/v1/sports/13","High-A","New York Mets",121
"95","N",582,"West Michigan Whitecaps","/api/v1/teams/582",2022,"wmi","t582","WM","Whitecaps","Comstock Park","1982","West Michigan","West Michigan","Whitecaps",TRUE,NA,"","","",2765,"LMCU Ballpark","/api/v1/venues/2765",NA,"",118,"Midwest League","/api/v1/league/118",224,"Midwest League East","/api/v1/divisions/224",13,"/api/v1/sports/13","High-A","Detroit Tigers",116
"96","N",584,"Fort Wayne TinCaps","/api/v1/teams/584",2022,"ftw","t584","FW","TinCaps","Fort Wayne","1993","Fort Wayne","Fort Wayne","TinCaps",TRUE,NA,"","","",3790,"Parkview Field","/api/v1/venues/3790",NA,"",118,"Midwest League","/api/v1/league/118",224,"Midwest League East","/api/v1/divisions/224",13,"/api/v1/sports/13","High-A","San Diego Padres",135
"97","N",456,"Great Lakes Loons","/api/v1/teams/456",2022,"swm","t456","GL","Loons","Midland","1995","Great Lakes","Great Lakes","Loons",TRUE,NA,"","","",3189,"Dow Diamond","/api/v1/venues/3189",NA,"",118,"Midwest League","/api/v1/league/118",224,"Midwest League East","/api/v1/divisions/224",13,"/api/v1/sports/13","High-A","Los Angeles Dodgers",119
"98","N",459,"Dayton Dragons","/api/v1/teams/459",2022,"day","t459","DAY","Dragons","Dayton","2000","Dayton","Dayton","Dragons",TRUE,NA,"","","",2766,"Day Air Ballpark","/api/v1/venues/2766",NA,"",118,"Midwest League","/api/v1/league/118",224,"Midwest League East","/api/v1/divisions/224",13,"/api/v1/sports/13","High-A","Cincinnati Reds",113
"99","N",460,"Tri-City Dust Devils","/api/v1/teams/460",2022,"tri","t460","TRI","Dust Devils","Pasco","2001","Tri-City","Tri-City","Dust Devils",TRUE,NA,"","","",2826,"Gesa Stadium","/api/v1/venues/2826",NA,"",126,"Northwest League","/api/v1/league/126",NA,NA,NA,13,"/api/v1/sports/13","High-A","Los Angeles Angels",108
"100","N",461,"Eugene Emeralds","/api/v1/teams/461",2022,"eug","t461","EUG","Emeralds","Eugene","1955","Eugene","Eugene","Emeralds",TRUE,NA,"","","",4109,"PK Park","/api/v1/venues/4109",NA,"",126,"Northwest League","/api/v1/league/126",NA,NA,NA,13,"/api/v1/sports/13","High-A","San Francisco Giants",137
"101","N",403,"Everett AquaSox","/api/v1/teams/403",2022,"eve","t403","EVE","AquaSox","Everett","1984","Everett","Everett","AquaSox",TRUE,NA,"","","",2762,"Funko Field","/api/v1/venues/2762",NA,"",126,"Northwest League","/api/v1/league/126",NA,NA,NA,13,"/api/v1/sports/13","High-A","Seattle Mariners",136
"102","N",537,"Hudson Valley Renegades","/api/v1/teams/537",2022,"hvr","t537","HV","Renegades","Wappingers Falls","1994","Hudson Valley","Hudson Valley","Renegades",TRUE,NA,"","","",2757,"Dutchess Stadium","/api/v1/venues/2757",NA,"",116,"South Atlantic League","/api/v1/league/116",237,"South Atlantic League North","/api/v1/divisions/237",13,"/api/v1/sports/13","High-A","New York Yankees",147
"103","N",477,"Greensboro Grasshoppers","/api/v1/teams/477",2022,"gbo","t477","GBO","Grasshoppers","Greensboro","1945","Greensboro","Greensboro","Grasshoppers",TRUE,NA,"","","",2723,"First National Bank Field","/api/v1/venues/2723",NA,"",116,"South Atlantic League","/api/v1/league/116",237,"South Atlantic League North","/api/v1/divisions/237",13,"/api/v1/sports/13","High-A","Pittsburgh Pirates",134
"104","N",419,"Hillsboro Hops","/api/v1/teams/419",2022,"hil","t419","HIL","Hops","Hillsboro","1946","Hillsboro","Hillsboro","Hops",TRUE,NA,"","","",4429,"Ron Tonkin Field","/api/v1/venues/4429",NA,"",126,"Northwest League","/api/v1/league/126",NA,NA,NA,13,"/api/v1/sports/13","High-A","Arizona Diamondbacks",109
"105","N",550,"South Bend Cubs","/api/v1/teams/550",2022,"sou","t550","SB","Cubs","South Bend","1988","South Bend","South Bend","Cubs",TRUE,NA,"","","",2850,"Four Winds Field","/api/v1/venues/2850",NA,"",118,"Midwest League","/api/v1/league/118",225,"Midwest League West","/api/v1/divisions/225",13,"/api/v1/sports/13","High-A","Chicago Cubs",112
"106","N",486,"Spokane Indians","/api/v1/teams/486",2022,"spo","t486","SPO","Indians","Spokane","1946","Spokane","Spokane","Indians",TRUE,NA,"","","",2730,"Avista Stadium","/api/v1/venues/2730",NA,"",126,"Northwest League","/api/v1/league/126",NA,NA,NA,13,"/api/v1/sports/13","High-A","Colorado Rockies",115
"107","N",488,"Aberdeen IronBirds","/api/v1/teams/488",2022,"abe","t488","ABD","IronBirds","Aberdeen","2002","Aberdeen","Aberdeen","IronBirds",TRUE,NA,"","","",2837,"Leidos Field at Ripken Stadium","/api/v1/venues/2837",NA,"",116,"South Atlantic League","/api/v1/league/116",237,"South Atlantic League North","/api/v1/divisions/237",13,"/api/v1/sports/13","High-A","Baltimore Orioles",110
"108","N",554,"Beloit Sky Carp","/api/v1/teams/554",2022,"bel","t554","BEL","Sky Carp","Beloit","1982","Beloit","Beloit","Sky Carp",TRUE,NA,"","","",5525,"ABC Supply Stadium","/api/v1/venues/5525",NA,"",118,"Midwest League","/api/v1/league/118",225,"Midwest League West","/api/v1/divisions/225",13,"/api/v1/sports/13","High-A","Miami Marlins",146
"109","N",426,"Wilmington Blue Rocks","/api/v1/teams/426",2022,"wil","t426","WIL","Blue Rocks","Wilmington","1993","Wilmington","Wilmington","Blue Rocks",TRUE,NA,"","","",2793,"Frawley Stadium","/api/v1/venues/2793",NA,"",116,"South Atlantic League","/api/v1/league/116",237,"South Atlantic League North","/api/v1/divisions/237",13,"/api/v1/sports/13","High-A","Washington Nationals",120
"110","N",427,"Jersey Shore BlueClaws","/api/v1/teams/427",2022,"jer","t427","JS","BlueClaws","Lakewood","2001","Jersey Shore","Jersey Shore","BlueClaws",TRUE,NA,"","","",2866,"ShoreTown Ballpark","/api/v1/venues/2866",NA,"",116,"South Atlantic League","/api/v1/league/116",237,"South Atlantic League North","/api/v1/divisions/237",13,"/api/v1/sports/13","High-A","Philadelphia Phillies",143
"111","N",492,"Cedar Rapids Kernels","/api/v1/teams/492",2022,"ced","t492","CR","Kernels","Cedar Rapids","1962","Cedar Rapids","Cedar Rapids","Kernels",TRUE,NA,"","","",2857,"Perfect Game Field","/api/v1/venues/2857",NA,"",118,"Midwest League","/api/v1/league/118",225,"Midwest League West","/api/v1/divisions/225",13,"/api/v1/sports/13","High-A","Minnesota Twins",142
"112","N",428,"Greenville Drive","/api/v1/teams/428",2022,"cap","t428","GVL","Drive","Greenville","2005","Greenville","Greenville","Drive",TRUE,NA,"","","",3429,"Fluor Field at the West End","/api/v1/venues/3429",NA,"",116,"South Atlantic League","/api/v1/league/116",238,"South Atlantic League South","/api/v1/divisions/238",13,"/api/v1/sports/13","High-A","Boston Red Sox",111
"113","N",432,"Rome Braves","/api/v1/teams/432",2022,"rom","t432","ROM","Braves","Rome","2003","Rome","Rome","Braves",TRUE,NA,"","","",2851,"AdventHealth Stadium","/api/v1/venues/2851",NA,"",116,"South Atlantic League","/api/v1/league/116",238,"South Atlantic League South","/api/v1/divisions/238",13,"/api/v1/sports/13","High-A","Atlanta Braves",144
"114","N",499,"Lansing Lugnuts","/api/v1/teams/499",2022,"lan","t499","LAN","Lugnuts","Lansing","1996","Lansing","Lansing","Lugnuts",TRUE,NA,"","","",2822,"Jackson Field","/api/v1/venues/2822",NA,"",118,"Midwest League","/api/v1/league/118",224,"Midwest League East","/api/v1/divisions/224",13,"/api/v1/sports/13","High-A","Oakland Athletics",133
"115","N",435,"Vancouver Canadians","/api/v1/teams/435",2022,"van","t435","VAN","Canadians","Vancouver","1967","Vancouver","Vancouver","Canadians",TRUE,NA,"","","",2817,"Nat Bailey Stadium","/api/v1/venues/2817",NA,"",126,"Northwest League","/api/v1/league/126",NA,NA,NA,13,"/api/v1/sports/13","High-A","Toronto Blue Jays",141
"116","N",565,"Quad Cities River Bandits","/api/v1/teams/565",2022,"qcs","t565","QC","River Bandits","Davenport","1960","Quad Cities","Quad Cities","River Bandits",TRUE,NA,"","","",2790,"Modern Woodmen Park","/api/v1/venues/2790",NA,"",118,"Midwest League","/api/v1/league/118",225,"Midwest League West","/api/v1/divisions/225",13,"/api/v1/sports/13","High-A","Kansas City Royals",118
"117","N",437,"Lake County Captains","/api/v1/teams/437",2022,"lco","t437","LC","Captains","Eastlake","2003","Lake County","Lake County","Captains",TRUE,NA,"","","",2759,"Classic Park","/api/v1/venues/2759",NA,"",118,"Midwest League","/api/v1/league/118",224,"Midwest League East","/api/v1/divisions/224",13,"/api/v1/sports/13","High-A","Cleveland Guardians",114
"118","N",443,"Peoria Chiefs","/api/v1/teams/443",2022,"peo","t443","PEO","Chiefs","Peoria","1983","Peoria","Peoria","Chiefs",TRUE,NA,"","","",2821,"Dozer Park","/api/v1/venues/2821",NA,"",118,"Midwest League","/api/v1/league/118",225,"Midwest League West","/api/v1/divisions/225",13,"/api/v1/sports/13","High-A","St. Louis Cardinals",138
"119","N",572,"Wisconsin Timber Rattlers","/api/v1/teams/572",2022,"wis","t572","WIS","Timber Rattlers","Appleton","1962","Wisconsin","Wisconsin","Timber Rattlers",TRUE,NA,"","","",2771,"Fox Cities Stadium","/api/v1/venues/2771",NA,"",118,"Midwest League","/api/v1/league/118",225,"Midwest League West","/api/v1/divisions/225",13,"/api/v1/sports/13","High-A","Milwaukee Brewers",158
"120","N",573,"Asheville Tourists","/api/v1/teams/573",2022,"ash","t573","ASH","Tourists","Asheville","1959","Asheville","Asheville","Tourists",TRUE,NA,"","","",2807,"McCormick Field","/api/v1/venues/2807",NA,"",116,"South Atlantic League","/api/v1/league/116",238,"South Atlantic League South","/api/v1/divisions/238",13,"/api/v1/sports/13","High-A","Houston Astros",117
"121","N",3712,"Fayetteville Woodpeckers","/api/v1/teams/3712",2022,"fay","t3712","FAY","Woodpeckers","Fayetteville","1987","Fayetteville","Fayetteville","Woodpeckers",TRUE,NA,"","","",5400,"SEGRA Stadium","/api/v1/venues/5400",NA,"",122,"Carolina League","/api/v1/league/122",211,"Carolina League South","/api/v1/divisions/211",14,"/api/v1/sports/14","Single-A","Houston Astros",117
"122","N",450,"Daytona Tortugas","/api/v1/teams/450",2022,"dbc","t450","DBT","Tortugas","Daytona Beach","1946","Daytona","Daytona","Tortugas",TRUE,NA,"","","",2787,"Jackie Robinson Ballpark","/api/v1/venues/2787",NA,"",123,"Florida State League","/api/v1/league/123",214,"Florida State League East","/api/v1/divisions/214",14,"/api/v1/sports/14","Single-A","Cincinnati Reds",113
"123","N",515,"Modesto Nuts","/api/v1/teams/515",2022,"mod","t515","MOD","Nuts","Modesto","1946","Modesto","Modesto","Nuts",TRUE,NA,"","","",2791,"John Thurman Field","/api/v1/venues/2791",NA,"",110,"California League","/api/v1/league/110",208,"California League North","/api/v1/divisions/208",14,"/api/v1/sports/14","Single-A","Seattle Mariners",136
"124","N",259,"Fresno Grizzlies","/api/v1/teams/259",2022,"fre","t259","FRE","Grizzlies","Fresno","1998","Fresno","Fresno","Grizzlies",TRUE,NA,"","","",2640,"Chukchansi Park","/api/v1/venues/2640",NA,"",110,"California League","/api/v1/league/110",208,"California League North","/api/v1/divisions/208",14,"/api/v1/sports/14","Single-A","Colorado Rockies",115
"125","N",516,"Visalia Rawhide","/api/v1/teams/516",2022,"vis","t516","VIS","Rawhide","Visalia","1946","Visalia","Visalia","Rawhide",TRUE,NA,"","","",2835,"Valley Strong Ballpark","/api/v1/venues/2835",NA,"",110,"California League","/api/v1/league/110",209,"California League South","/api/v1/divisions/209",14,"/api/v1/sports/14","Single-A","Arizona Diamondbacks",109
"126","N",521,"Myrtle Beach Pelicans","/api/v1/teams/521",2022,"myr","t521","MB","Pelicans","Myrtle Beach","1999","Myrtle Beach","Myrtle Beach","Pelicans",TRUE,NA,"","","",2747,"TicketReturn.com Field","/api/v1/venues/2747",NA,"",122,"Carolina League","/api/v1/league/122",211,"Carolina League South","/api/v1/divisions/211",14,"/api/v1/sports/14","Single-A","Chicago Cubs",112
"127","N",587,"Tampa Tarpons","/api/v1/teams/587",2022,"tby","t587","TAM","Tarpons","Tampa","1994","Tampa","Tampa","Tarpons",TRUE,NA,"","","",2523,"George M. Steinbrenner Field","/api/v1/venues/2523",NA,"",123,"Florida State League","/api/v1/league/123",215,"Florida State League West","/api/v1/divisions/215",14,"/api/v1/sports/14","Single-A","New York Yankees",147
"128","N",524,"Stockton Ports","/api/v1/teams/524",2022,"sto","t524","STK","Ports","Stockton","1946","Stockton","Stockton","Ports",TRUE,NA,"","","",2731,"Banner Island Ballpark","/api/v1/venues/2731",NA,"",110,"California League","/api/v1/league/110",208,"California League North","/api/v1/divisions/208",14,"/api/v1/sports/14","Single-A","Oakland Athletics",133
"129","N",526,"Rancho Cucamonga Quakes","/api/v1/teams/526",2022,"rcq","t526","RC","Quakes","Rancho Cucamonga","1966","Rancho Cuca.","Rancho Cucamonga","Quakes",TRUE,NA,"","","",2854,"LoanMart Field","/api/v1/venues/2854",NA,"",110,"California League","/api/v1/league/110",209,"California League South","/api/v1/divisions/209",14,"/api/v1/sports/14","Single-A","Los Angeles Dodgers",119
"130","N",401,"Inland Empire 66ers","/api/v1/teams/401",2022,"inl","t401","IE","66ers","San Bernardino","1993","Inland Empire","Inland Empire","66ers",TRUE,NA,"","","",2728,"San Manuel Stadium","/api/v1/venues/2728",NA,"",110,"California League","/api/v1/league/110",209,"California League South","/api/v1/divisions/209",14,"/api/v1/sports/14","Single-A","Los Angeles Angels",108
"131","N",279,"Palm Beach Cardinals","/api/v1/teams/279",2022,"pbc","t279","PMB","Cardinals","Jupiter","2003","Palm Beach","Palm Beach","Cardinals",TRUE,NA,"","","",2520,"Roger Dean Chevrolet Stadium","/api/v1/venues/2520",NA,"",123,"Florida State League","/api/v1/league/123",214,"Florida State League East","/api/v1/divisions/214",14,"/api/v1/sports/14","Single-A","St. Louis Cardinals",138
"132","N",476,"San Jose Giants","/api/v1/teams/476",2022,"sjg","t476","SJ","Giants","San Jose","1947","San Jose","San Jose","Giants",TRUE,NA,"","","",2815,"Excite Ballpark","/api/v1/venues/2815",NA,"",110,"California League","/api/v1/league/110",208,"California League North","/api/v1/divisions/208",14,"/api/v1/sports/14","Single-A","San Francisco Giants",137
"133","N",478,"Augusta GreenJackets","/api/v1/teams/478",2022,"aug","t478","AUG","GreenJackets","North Augusta","1946","Augusta","Augusta","GreenJackets",TRUE,NA,"","","",5345,"SRP Park","/api/v1/venues/5345",NA,"",122,"Carolina League","/api/v1/league/122",211,"Carolina League South","/api/v1/divisions/211",14,"/api/v1/sports/14","Single-A","Atlanta Braves",144
"134","N",414,"Salem Red Sox","/api/v1/teams/414",2022,"sal","t414","SAL","Red Sox","Salem","1957","Salem","Salem","Red Sox",TRUE,NA,"","","",2840,"Carillion Clinic Field","/api/v1/venues/2840",NA,"",122,"Carolina League","/api/v1/league/122",210,"Carolina League North","/api/v1/divisions/210",14,"/api/v1/sports/14","Single-A","Boston Red Sox",111
"135","N",479,"Jupiter Hammerheads","/api/v1/teams/479",2022,"jup","t479","JUP","Hammerheads","Jupiter","1998","Jupiter","Jupiter","Hammerheads",TRUE,NA,"","","",2520,"Roger Dean Chevrolet Stadium","/api/v1/venues/2520",NA,"",123,"Florida State League","/api/v1/league/123",214,"Florida State League East","/api/v1/divisions/214",14,"/api/v1/sports/14","Single-A","Miami Marlins",146
"136","N",481,"Lynchburg Hillcats","/api/v1/teams/481",2022,"lyn","t481","LYN","Hillcats","Lynchburg","1970","Lynchburg","Lynchburg","Hillcats",TRUE,NA,"","","",2803,"Bank of the James Stadium","/api/v1/venues/2803",NA,"",122,"Carolina League","/api/v1/league/122",210,"Carolina League North","/api/v1/divisions/210",14,"/api/v1/sports/14","Single-A","Cleveland Guardians",114
"137","N",548,"Delmarva Shorebirds","/api/v1/teams/548",2022,"del","t548","DEL","Shorebirds","Salisbury","1996","Delmarva","Delmarva","Shorebirds",TRUE,NA,"","","",2729,"Arthur W. Perdue Stadium","/api/v1/venues/2729",NA,"",122,"Carolina League","/api/v1/league/122",210,"Carolina League North","/api/v1/divisions/210",14,"/api/v1/sports/14","Single-A","Baltimore Orioles",110
"138","N",485,"Down East Wood Ducks","/api/v1/teams/485",2022,"dne","t485","DE","Wood Ducks","Kinston","1962","Down East","Down East","Wood Ducks",TRUE,NA,"","","",2777,"Grainger Stadium","/api/v1/venues/2777",NA,"",122,"Carolina League","/api/v1/league/122",210,"Carolina League North","/api/v1/divisions/210",14,"/api/v1/sports/14","Single-A","Texas Rangers",140
"139","N",487,"Kannapolis Cannon Ballers","/api/v1/teams/487",2022,"kan","t487","KAN","Cannon Ballers","Kannapolis","1995","Kannapolis","Kannapolis","Cannon Ballers",TRUE,NA,"","","",2764,"Atrium Health Ballpark","/api/v1/venues/2764",NA,"",122,"Carolina League","/api/v1/league/122",211,"Carolina League South","/api/v1/divisions/211",14,"/api/v1/sports/14","Single-A","Chicago White Sox",145
"140","N",103,"Lake Elsinore Storm","/api/v1/teams/103",2022,"les","t103","LE","Storm","Lake Elsinore","1980","Lake Elsinore","Lake Elsinore","Storm",TRUE,NA,"","","",2516,"The Diamond","/api/v1/venues/2516",NA,"",110,"California League","/api/v1/league/110",209,"California League South","/api/v1/divisions/209",14,"/api/v1/sports/14","Single-A","San Diego Padres",135
"141","N",424,"Dunedin Blue Jays","/api/v1/teams/424",2022,"dun","t424","DUN","Blue Jays","Dunedin","1987","Dunedin","Dunedin","Blue Jays",TRUE,NA,"","","",2536,"TD Ballpark","/api/v1/venues/2536",NA,"",123,"Florida State League","/api/v1/league/123",215,"Florida State League West","/api/v1/divisions/215",14,"/api/v1/sports/14","Single-A","Toronto Blue Jays",141
"142","N",233,"Charleston RiverDogs","/api/v1/teams/233",2022,"crd","t233","CSC","RiverDogs","Charleston","1973","Charleston","Charleston","RiverDogs",TRUE,NA,"","","",2540,"Joseph P. Riley, Jr. Ballpark","/api/v1/venues/2540",NA,"",122,"Carolina League","/api/v1/league/122",211,"Carolina League South","/api/v1/divisions/211",14,"/api/v1/sports/14","Single-A","Tampa Bay Rays",139
"143","N",436,"Fredericksburg Nationals","/api/v1/teams/436",2022,"fbg","t436","FBG","Nationals","Fredericksburg","1978","Fredericksburg","Fredericksburg","Nationals",TRUE,NA,"","","",5520,"Virginia Credit Union Stadium","/api/v1/venues/5520",NA,"",122,"Carolina League","/api/v1/league/122",210,"Carolina League North","/api/v1/divisions/210",14,"/api/v1/sports/14","Single-A","Washington Nationals",120
"144","N",566,"Clearwater Threshers","/api/v1/teams/566",2022,"clr","t566","CLR","Threshers","Clearwater","1985","Clearwater","Clearwater","Threshers",TRUE,NA,"","","",2700,"BayCare Ballpark","/api/v1/venues/2700",NA,"",123,"Florida State League","/api/v1/league/123",215,"Florida State League West","/api/v1/divisions/215",14,"/api/v1/sports/14","Single-A","Philadelphia Phillies",143
"145","N",3705,"Columbia Fireflies","/api/v1/teams/3705",2022,"col","t3705","COL","Fireflies","Columbia","1977","Columbia","Columbia","Fireflies",TRUE,NA,"","","",4980,"Segra Park","/api/v1/venues/4980",NA,"",122,"Carolina League","/api/v1/league/122",211,"Carolina League South","/api/v1/divisions/211",14,"/api/v1/sports/14","Single-A","Kansas City Royals",118
"146","N",249,"Carolina Mudcats","/api/v1/teams/249",2022,"cmc","t249","CAR","Mudcats","Zebulon","1969","Carolina","Carolina","Mudcats",TRUE,NA,"","","",2625,"Five County Stadium","/api/v1/venues/2625",NA,"",122,"Carolina League","/api/v1/league/122",210,"Carolina League North","/api/v1/divisions/210",14,"/api/v1/sports/14","Single-A","Milwaukee Brewers",158
"147","N",570,"Lakeland Flying Tigers","/api/v1/teams/570",2022,"lak","t570","LAK","Flying Tigers","Lakeland","1960","Lakeland","Lakeland","Flying Tigers",TRUE,NA,"","","",2511,"Publix Field at Joker Marchant Stadium","/api/v1/venues/2511",NA,"",123,"Florida State League","/api/v1/league/123",215,"Florida State League West","/api/v1/divisions/215",14,"/api/v1/sports/14","Single-A","Detroit Tigers",116
"148","N",507,"St. Lucie Mets","/api/v1/teams/507",2022,"slu","t507","SLU","Mets","Port St. Lucie","1988","St. Lucie","St. Lucie","Mets",TRUE,NA,"","","",2856,"Clover Park","/api/v1/venues/2856",NA,"",123,"Florida State League","/api/v1/league/123",214,"Florida State League East","/api/v1/divisions/214",14,"/api/v1/sports/14","Single-A","New York Mets",121
"149","N",509,"Fort Myers Mighty Mussels","/api/v1/teams/509",2022,"ftm","t509","FTM","Mighty Mussels","Fort Myers","1992","Fort Myers","Fort Myers","Miracle",TRUE,NA,"","","",2862,"Hammond Stadium","/api/v1/venues/2862",NA,"",123,"Florida State League","/api/v1/league/123",215,"Florida State League West","/api/v1/divisions/215",14,"/api/v1/sports/14","Single-A","Minnesota Twins",142
"150","N",3390,"Bradenton Marauders","/api/v1/teams/3390",2022,"bra","t3390","BRD","Marauders","Bradenton","2010","Bradenton","Bradenton","Marauders",TRUE,NA,"","","",2526,"LECOM Park","/api/v1/venues/2526",NA,"",123,"Florida State League","/api/v1/league/123",215,"Florida State League West","/api/v1/divisions/215",14,"/api/v1/sports/14","Single-A","Pittsburgh Pirates",134
"151","N",5506,"DSL Guardians Red","/api/v1/teams/5506",2022,"dgr","t5506","DSL GUR","DSL Guardians Red","United States","2020","DSL Guardians Red","DSL Guardians Red","DSL Guardians Red",TRUE,NA,"","","",401,"TBD","/api/v1/venues/401",NA,"",130,"Dominican Summer League","/api/v1/league/130",247,"Dominican Summer League North","/api/v1/divisions/247",16,"/api/v1/sports/16","Rookie","Cleveland Guardians",114
"152","N",5005,"DSL Astros Orange","/api/v1/teams/5005",2022,"dao","t5005","DSL ASTO","DSL Astros Orange","United States","2014","DSL Astros Orange","DSL Astros Orange","DSL Astros Orange",TRUE,NA,"","","",401,"TBD","/api/v1/venues/401",NA,"",130,"Dominican Summer League","/api/v1/league/130",247,"Dominican Summer League North","/api/v1/divisions/247",16,"/api/v1/sports/16","Rookie","Houston Astros",117
"153","N",404,"ACL Angels","/api/v1/teams/404",2022,"ang","t404","ANG","ACL Angels","Tempe","1989","ACL Angels","ACL Angels","ACL Angels",TRUE,NA,"","","",2500,"Tempe Diablo Stadium","/api/v1/venues/2500",NA,"",121,"Arizona Complex League","/api/v1/league/121",560,"Arizona Complex League East","/api/v1/divisions/560",16,"/api/v1/sports/16","Rookie","Los Angeles Angels",108
"154","N",6038,"ACL D-backs Red","/api/v1/teams/6038",2022,"dib","t6038","DIAR","ACL D-backs Red","Scottsdale","2022","ACL D-backs Red","ACL D-backs Red","ACL D-backs Red",TRUE,NA,"","","",4249,"Salt River Fields at Talking Stick","/api/v1/venues/4249",NA,"",121,"Arizona Complex League","/api/v1/league/121",560,"Arizona Complex League East","/api/v1/divisions/560",16,"/api/v1/sports/16","Rookie","Arizona Diamondbacks",109
"155","N",406,"ACL Brewers Gold","/api/v1/teams/406",2022,"brg","t406","BRWG","ACL Brewers Gold","Phoenix","1988","ACL Brewers Gold","ACL Brewers Gold","ACL Brewers Gold",TRUE,NA,"","","",2518,"American Family Fields of Phoenix","/api/v1/venues/2518",NA,"",121,"Arizona Complex League","/api/v1/league/121",570,"Arizona Complex League Central","/api/v1/divisions/570",16,"/api/v1/sports/16","Rookie","Milwaukee Brewers",158
"156","N",407,"ACL Cubs","/api/v1/teams/407",2022,"cub","t407","CUB","ACL Cubs","Mesa","1997","ACL Cubs","ACL Cubs","ACL Cubs",TRUE,NA,"","","",4629,"Sloan Park","/api/v1/venues/4629",NA,"",121,"Arizona Complex League","/api/v1/league/121",570,"Arizona Complex League Central","/api/v1/divisions/570",16,"/api/v1/sports/16","Rookie","Chicago Cubs",112
"157","N",408,"ACL Giants Black","/api/v1/teams/408",2022,"gib","t408","GNTB","ACL Giants Black","Phoenix","1991","ACL Giants Black","ACL Giants Black","ACL Giants Black",TRUE,NA,"","","",2824,"Papago Sports Complex","/api/v1/venues/2824",NA,"",121,"Arizona Complex League","/api/v1/league/121",560,"Arizona Complex League East","/api/v1/divisions/560",16,"/api/v1/sports/16","Rookie","San Francisco Giants",137
"158","N",409,"ACL Mariners","/api/v1/teams/409",2022,"mrn","t409","MRN","ACL Mariners","Peoria","1989","ACL Mariners","ACL Mariners","ACL Mariners",TRUE,NA,"","","",2530,"Peoria Stadium","/api/v1/venues/2530",NA,"",121,"Arizona Complex League","/api/v1/league/121",561,"Arizona Complex League West","/api/v1/divisions/561",16,"/api/v1/sports/16","Rookie","Seattle Mariners",136
"159","N",410,"ACL Padres","/api/v1/teams/410",2022,"sdo","t410","PAD","ACL Padres","Peoria","1988","ACL Padres","ACL Padres","ACL Padres",TRUE,NA,"","","",2530,"Peoria Stadium","/api/v1/venues/2530",NA,"",121,"Arizona Complex League","/api/v1/league/121",561,"Arizona Complex League West","/api/v1/divisions/561",16,"/api/v1/sports/16","Rookie","San Diego Padres",135
"160","N",411,"ACL Rangers","/api/v1/teams/411",2022,"rng","t411","RAN","ACL Rangers","Surprise","2003","ACL Rangers","ACL Rangers","ACL Rangers",TRUE,NA,"","","",2603,"Surprise Stadium","/api/v1/venues/2603",NA,"",121,"Arizona Complex League","/api/v1/league/121",561,"Arizona Complex League West","/api/v1/divisions/561",16,"/api/v1/sports/16","Rookie","Texas Rangers",140
"161","N",412,"ACL Royals","/api/v1/teams/412",2022,"roy","t412","ROY","ACL Royals","Surprise","2003","ACL Royals","ACL Royals","ACL Royals",TRUE,NA,"","","",2603,"Surprise Stadium","/api/v1/venues/2603",NA,"",121,"Arizona Complex League","/api/v1/league/121",561,"Arizona Complex League West","/api/v1/divisions/561",16,"/api/v1/sports/16","Rookie","Kansas City Royals",118
"162","N",5426,"ACL Athletics","/api/v1/teams/5426",2022,"ago","t5426","ATH","ACL Athletics","Mesa","2019","ACL Athletics","ACL Athletics","ACL Athletics",TRUE,NA,"","","",2770,"Lew Wolff Training Complex","/api/v1/venues/2770",NA,"",121,"Arizona Complex League","/api/v1/league/121",570,"Arizona Complex League Central","/api/v1/divisions/570",16,"/api/v1/sports/16","Rookie","Oakland Athletics",133
"163","N",5427,"ACL Dodgers","/api/v1/teams/5427",2022,"doo","t5427","DOD","ACL Dodgers","Glendale","2019","ACL Dodgers","ACL Dodgers","ACL Dodgers",TRUE,NA,"","","",3809,"Camelback Ranch","/api/v1/venues/3809",NA,"",121,"Arizona Complex League","/api/v1/league/121",561,"Arizona Complex League West","/api/v1/divisions/561",16,"/api/v1/sports/16","Rookie","Los Angeles Dodgers",119
"164","N",4404,"DSL Pirates Gold","/api/v1/teams/4404",2022,"dpt","t4404","DSL PIRG","DSL Pirates Gold","United States","2012","DSL Pirates Gold","DSL Pirates Gold","DSL Pirates Gold",TRUE,NA,"","","",401,"TBD","/api/v1/venues/401",NA,"",130,"Dominican Summer League","/api/v1/league/130",401,"Dominican Summer League Northeast","/api/v1/divisions/401",16,"/api/v1/sports/16","Rookie","Pittsburgh Pirates",134
"165","N",2101,"DSL Brewers2","/api/v1/teams/2101",2022,"brc","t2101","DSL BRW2","DSL Brewers2","United States","1990","DSL Brewers2","DSL Brewers2","DSL Brewers2",TRUE,NA,"","","",401,"TBD","/api/v1/venues/401",NA,"",130,"Dominican Summer League","/api/v1/league/130",246,"Dominican Summer League San Pedro","/api/v1/divisions/246",16,"/api/v1/sports/16","Rookie","Milwaukee Brewers",158
"166","N",5430,"ACL Brewers Blue","/api/v1/teams/5430",2022,"brb","t5430","BRWB","ACL Brewers Blue","Phoenix","2019","ACL Brewers Blue","ACL Brewers Blue","ACL Brewers Blue",TRUE,NA,"","","",2518,"American Family Fields of Phoenix","/api/v1/venues/2518",NA,"",121,"Arizona Complex League","/api/v1/league/121",570,"Arizona Complex League Central","/api/v1/divisions/570",16,"/api/v1/sports/16","Rookie","Milwaukee Brewers",158
"167","N",3130,"DSL Orioles Orange","/api/v1/teams/3130",2022,"dba","t3130","DSL ORO","DSL Orioles Orange","United States","2009","DSL Orioles Orange","DSL Orioles Orange","DSL Orioles Orange",TRUE,NA,"","","",401,"TBD","/api/v1/venues/401",NA,"",130,"Dominican Summer League","/api/v1/league/130",250,"Dominican Summer League Baseball City","/api/v1/divisions/250",16,"/api/v1/sports/16","Rookie","Baltimore Orioles",110
"168","N",2117,"DSL Mets2","/api/v1/teams/2117",2022,"met","t2117","DSL MET2","DSL Mets2","United States","1998","DSL Mets2","DSL Mets2","DSL Mets2",TRUE,NA,"","","",401,"TBD","/api/v1/venues/401",NA,"",130,"Dominican Summer League","/api/v1/league/130",401,"Dominican Summer League Northeast","/api/v1/divisions/401",16,"/api/v1/sports/16","Rookie","New York Mets",121
"169","N",1991,"ACL D-backs Black","/api/v1/teams/1991",2022,"dia","t1991","DIAB","ACL D-backs Black","Scottsdale","1996","ACL D-backs Black","ACL D-backs Black","ACL D-backs Black",TRUE,NA,"","","",4249,"Salt River Fields at Talking Stick","/api/v1/venues/4249",NA,"",121,"Arizona Complex League","/api/v1/league/121",560,"Arizona Complex League East","/api/v1/divisions/560",16,"/api/v1/sports/16","Rookie","Arizona Diamondbacks",109
"170","N",1994,"ACL Rockies","/api/v1/teams/1994",2022,"rck","t1994","RCK","ACL Rockies","Scottsdale","1993","ACL Rockies","ACL Rockies","ACL Rockies",TRUE,NA,"","","",4249,"Salt River Fields at Talking Stick","/api/v1/venues/4249",NA,"",121,"Arizona Complex League","/api/v1/league/121",560,"Arizona Complex League East","/api/v1/divisions/560",16,"/api/v1/sports/16","Rookie","Colorado Rockies",115
"171","N",1611,"DSL Rays","/api/v1/teams/1611",2022,"ddr","t1611","DSL RAY","DSL Rays","United States","1997","DSL Rays","DSL Rays","DSL Rays",TRUE,NA,"","","",401,"TBD","/api/v1/venues/401",NA,"",130,"Dominican Summer League","/api/v1/league/130",249,"Dominican Summer League Northwest","/api/v1/divisions/249",16,"/api/v1/sports/16","Rookie","Tampa Bay Rays",139
"172","N",1997,"ACL White Sox","/api/v1/teams/1997",2022,"wsx","t1997","WSX","ACL White Sox","Glendale","1998","ACL White Sox","ACL White Sox","ACL White Sox",TRUE,NA,"","","",3809,"Camelback Ranch","/api/v1/venues/3809",NA,"",121,"Arizona Complex League","/api/v1/league/121",561,"Arizona Complex League West","/api/v1/divisions/561",16,"/api/v1/sports/16","Rookie","Chicago White Sox",145
"173","N",1998,"FCL Astros Blue","/api/v1/teams/1998",2022,"ast","t1998","ASB","FCL Astros Blue","West Palm Beach","1977","FCL Astros Blue","FCL Astros Blue","FCL Astros Blue",TRUE,NA,"","","",5000,"The Ballpark of the Palm Beaches","/api/v1/venues/5000",NA,"",124,"Florida Complex League","/api/v1/league/124",216,"Florida Complex League East","/api/v1/divisions/216",16,"/api/v1/sports/16","Rookie","Houston Astros",117
"174","N",2127,"DSL Miami","/api/v1/teams/2127",2022,"mrl","t2127","DSL MIA","DSL Miami","United States","1992","DSL Miami","DSL Miami","DSL Miami",TRUE,NA,"","","",401,"TBD","/api/v1/venues/401",NA,"",130,"Dominican Summer League","/api/v1/league/130",249,"Dominican Summer League Northwest","/api/v1/divisions/249",16,"/api/v1/sports/16","Rookie","Miami Marlins",146
"175","N",2128,"DSL Royals Stewart","/api/v1/teams/2128",2022,"rco","t2128","DSL ROYS","DSL Royals Stewart","United States","1992","DSL Royals Stewart","DSL Royals Stewart","DSL Royals Stewart",TRUE,NA,"","","",401,"TBD","/api/v1/venues/401",NA,"",130,"Dominican Summer League","/api/v1/league/130",247,"Dominican Summer League North","/api/v1/divisions/247",16,"/api/v1/sports/16","Rookie","Kansas City Royals",118
"176","N",464,"FCL Braves","/api/v1/teams/464",2022,"bra","t464","BRA","FCL Braves","North Port","1966","FCL Braves","FCL Braves","FCL Braves",TRUE,NA,"","","",5380,"CoolToday Park","/api/v1/venues/5380",NA,"",124,"Florida Complex League","/api/v1/league/124",218,"Florida Complex League South","/api/v1/divisions/218",16,"/api/v1/sports/16","Rookie","Atlanta Braves",144
"177","N",2000,"FCL Astros Orange","/api/v1/teams/2000",2022,"aso","t2000","ASO","FCL Astros Orange","West Palm Beach","1980","FCL Astros Orange","FCL Astros Orange","FCL Astros Orange",TRUE,NA,"","","",5000,"The Ballpark of the Palm Beaches","/api/v1/venues/5000",NA,"",124,"Florida Complex League","/api/v1/league/124",216,"Florida Complex League East","/api/v1/divisions/216",16,"/api/v1/sports/16","Rookie","Houston Astros",117
"178","N",466,"FCL Nationals","/api/v1/teams/466",2022,"nat","t466","NAT","FCL Nationals","West Palm Beach","1969","FCL Nationals","FCL Nationals","FCL Nationals",TRUE,NA,"","","",5000,"The Ballpark of the Palm Beaches","/api/v1/venues/5000",NA,"",124,"Florida Complex League","/api/v1/league/124",216,"Florida Complex League East","/api/v1/divisions/216",16,"/api/v1/sports/16","Rookie","Washington Nationals",120
"179","N",2131,"DSL Colorado","/api/v1/teams/2131",2022,"dcr","t2131","DSL COL","DSL Colorado","United States","1993","DSL Colorado","DSL Colorado","DSL Colorado",TRUE,NA,"","","",401,"TBD","/api/v1/venues/401",NA,"",130,"Dominican Summer League","/api/v1/league/130",248,"Dominican Summer League South","/api/v1/divisions/248",16,"/api/v1/sports/16","Rookie","Colorado Rockies",115
"180","N",2003,"FCL Rays","/api/v1/teams/2003",2022,"ray","t2003","RAY","FCL Rays","Port Charlotte","1996","FCL Rays","FCL Rays","FCL Rays",TRUE,NA,"","","",2534,"Charlotte Sports Park","/api/v1/venues/2534",NA,"",124,"Florida Complex League","/api/v1/league/124",218,"Florida Complex League South","/api/v1/divisions/218",16,"/api/v1/sports/16","Rookie","Tampa Bay Rays",139
"181","N",467,"FCL Marlins","/api/v1/teams/467",2022,"mrl","t467","MRL","FCL Marlins","Jupiter","1992","FCL Marlins","FCL Marlins","FCL Marlins",TRUE,NA,"","","",2520,"Roger Dean Chevrolet Stadium","/api/v1/venues/2520",NA,"",124,"Florida Complex League","/api/v1/league/124",216,"Florida Complex League East","/api/v1/divisions/216",16,"/api/v1/sports/16","Rookie","Miami Marlins",146
"182","N",2132,"DSL Tigers2","/api/v1/teams/2132",2022,"tco","t2132","DSL TIG2","DSL Tigers2","United States","1990","DSL Tigers2","DSL Tigers2","DSL Tigers2",TRUE,NA,"","","",401,"TBD","/api/v1/venues/401",NA,"",130,"Dominican Summer League","/api/v1/league/130",246,"Dominican Summer League San Pedro","/api/v1/divisions/246",16,"/api/v1/sports/16","Rookie","Detroit Tigers",116
"183","N",468,"FCL Mets","/api/v1/teams/468",2022,"mts","t468","MET","FCL Mets","St. Lucie","1967","FCL Mets","FCL Mets","FCL Mets",TRUE,NA,"","","",2849,"St. Lucie Sports Complex","/api/v1/venues/2849",NA,"",124,"Florida Complex League","/api/v1/league/124",216,"Florida Complex League East","/api/v1/divisions/216",16,"/api/v1/sports/16","Rookie","New York Mets",121
"184","N",469,"FCL Phillies","/api/v1/teams/469",2022,"phl","t469","PHI","FCL Phillies","Clearwater","1967","FCL Phillies","FCL Phillies","FCL Phillies",TRUE,NA,"","","",2743,"Carpenter Complex","/api/v1/venues/2743",NA,"",124,"Florida Complex League","/api/v1/league/124",217,"Florida Complex League North","/api/v1/divisions/217",16,"/api/v1/sports/16","Rookie","Philadelphia Phillies",143
"185","N",2134,"DSL Giants Black","/api/v1/teams/2134",2022,"dgt","t2134","DSL GIB","DSL Giants Black","United States","1989","DSL Giants Black","DSL Giants Black","DSL Giants Black",TRUE,NA,"","","",401,"TBD","/api/v1/venues/401",NA,"",130,"Dominican Summer League","/api/v1/league/130",248,"Dominican Summer League South","/api/v1/divisions/248",16,"/api/v1/sports/16","Rookie","San Francisco Giants",137
"186","N",470,"FCL Pirates","/api/v1/teams/470",2022,"pib","t470","PIR","FCL Pirates","Bradenton","1967","FCL Pirates","FCL Pirates","FCL Pirates",TRUE,NA,"","","",2829,"Pirate City Complex","/api/v1/venues/2829",NA,"",124,"Florida Complex League","/api/v1/league/124",218,"Florida Complex League South","/api/v1/divisions/218",16,"/api/v1/sports/16","Rookie","Pittsburgh Pirates",134
"187","N",599,"FCL Orioles","/api/v1/teams/599",2022,"orb","t599","ORI","FCL Orioles","Sarasota","1967","FCL Orioles","FCL Orioles","FCL Orioles",TRUE,NA,"","","",2508,"Ed Smith Stadium","/api/v1/venues/2508",NA,"",124,"Florida Complex League","/api/v1/league/124",218,"Florida Complex League South","/api/v1/divisions/218",16,"/api/v1/sports/16","Rookie","Baltimore Orioles",110
"188","N",471,"FCL Red Sox","/api/v1/teams/471",2022,"rsx","t471","RSX","FCL Red Sox","Ft. Myers","1967","FCL Red Sox","FCL Red Sox","FCL Red Sox",TRUE,NA,"","","",4309,"JetBlue Park","/api/v1/venues/4309",NA,"",124,"Florida Complex League","/api/v1/league/124",218,"Florida Complex League South","/api/v1/divisions/218",16,"/api/v1/sports/16","Rookie","Boston Red Sox",111
"189","N",600,"DSL Angels","/api/v1/teams/600",2022,"dan","t600","DSL ANG","DSL Angels","United States","1987","DSL Angels","DSL Angels","DSL Angels",TRUE,NA,"","","",401,"TBD","/api/v1/venues/401",NA,"",130,"Dominican Summer League","/api/v1/league/130",248,"Dominican Summer League South","/api/v1/divisions/248",16,"/api/v1/sports/16","Rookie","Los Angeles Angels",108
"190","N",601,"DSL Astros Blue","/api/v1/teams/601",2022,"dab","t601","DSL ASTB","DSL Astros Blue","United States","1987","DSL Astros Blue","DSL Astros Blue","DSL Astros Blue",TRUE,NA,"","","",401,"TBD","/api/v1/venues/401",NA,"",130,"Dominican Summer League","/api/v1/league/130",247,"Dominican Summer League North","/api/v1/divisions/247",16,"/api/v1/sports/16","Rookie","Houston Astros",117
"191","N",473,"FCL Tigers","/api/v1/teams/473",2022,"tgr","t473","TIG","FCL Tigers","Lakeland","1967","FCL Tigers","FCL Tigers","FCL Tigers",TRUE,NA,"","","",2855,"Tigertown","/api/v1/venues/2855",NA,"",124,"Florida Complex League","/api/v1/league/124",217,"Florida Complex League North","/api/v1/divisions/217",16,"/api/v1/sports/16","Rookie","Detroit Tigers",116
"192","N",602,"DSL Athletics","/api/v1/teams/602",2022,"dat","t602","DSL ATH","DSL Athletics","United States","1985","DSL Athletics","DSL Athletics","DSL Athletics",TRUE,NA,"","","",401,"TBD","/api/v1/venues/401",NA,"",130,"Dominican Summer League","/api/v1/league/130",249,"Dominican Summer League Northwest","/api/v1/divisions/249",16,"/api/v1/sports/16","Rookie","Oakland Athletics",133
"193","N",474,"FCL Twins","/api/v1/teams/474",2022,"twi","t474","TWI","FCL Twins","Fort Myers","1966","FCL Twins","FCL Twins","FCL Twins",TRUE,NA,"","","",2519,"CenturyLink Sports Complex Fields","/api/v1/venues/2519",NA,"",124,"Florida Complex League","/api/v1/league/124",218,"Florida Complex League South","/api/v1/divisions/218",16,"/api/v1/sports/16","Rookie","Minnesota Twins",142
"194","N",1370,"FCL Cardinals","/api/v1/teams/1370",2022,"car","t1370","CAR","FCL Cardinals","Jupiter","1966","FCL Cardinals","FCL Cardinals","FCL Cardinals",TRUE,NA,"","","",2520,"Roger Dean Chevrolet Stadium","/api/v1/venues/2520",NA,"",124,"Florida Complex League","/api/v1/league/124",216,"Florida Complex League East","/api/v1/divisions/216",16,"/api/v1/sports/16","Rookie","St. Louis Cardinals",138
"195","N",475,"FCL Yankees","/api/v1/teams/475",2022,"yan","t475","YNK","FCL Yankees","Tampa","1966","FCL Yankees","FCL Yankees","FCL Yankees",TRUE,NA,"","","",2864,"Yankee Complex","/api/v1/venues/2864",NA,"",124,"Florida Complex League","/api/v1/league/124",217,"Florida Complex League North","/api/v1/divisions/217",16,"/api/v1/sports/16","Rookie","New York Yankees",147
"196","N",604,"DSL Blue Jays","/api/v1/teams/604",2022,"dbl","t604","DSL BLJ","DSL Blue Jays","United States","1985","DSL Blue Jays","DSL Blue Jays","DSL Blue Jays",TRUE,NA,"","","",401,"TBD","/api/v1/venues/401",NA,"",130,"Dominican Summer League","/api/v1/league/130",250,"Dominican Summer League Baseball City","/api/v1/divisions/250",16,"/api/v1/sports/16","Rookie","Toronto Blue Jays",141
"197","N",5085,"DSL Phillies White","/api/v1/teams/5085",2022,"dpl","t5085","DSL PHW","DSL Phillies White","United States","2016","DSL Phillies White","DSL Phillies White","DSL Phillies White",TRUE,NA,"","","",401,"TBD","/api/v1/venues/401",NA,"",130,"Dominican Summer League","/api/v1/league/130",246,"Dominican Summer League San Pedro","/api/v1/divisions/246",16,"/api/v1/sports/16","Rookie","Philadelphia Phillies",143
"198","N",605,"DSL Braves","/api/v1/teams/605",2022,"dbr","t605","DSL BRA","DSL Braves","United States","1985","DSL Braves","DSL Braves","DSL Braves",TRUE,NA,"","","",401,"TBD","/api/v1/venues/401",NA,"",130,"Dominican Summer League","/api/v1/league/130",249,"Dominican Summer League Northwest","/api/v1/divisions/249",16,"/api/v1/sports/16","Rookie","Atlanta Braves",144
"199","N",5086,"DSL Tampa Bay","/api/v1/teams/5086",2022,"dra","t5086","DSL TB","DSL Tampa Bay","United States","2016","DSL Tampa Bay","DSL Tampa Bay","DSL Tampa Bay",TRUE,NA,"","","",401,"TBD","/api/v1/venues/401",NA,"",130,"Dominican Summer League","/api/v1/league/130",249,"Dominican Summer League Northwest","/api/v1/divisions/249",16,"/api/v1/sports/16","Rookie","Tampa Bay Rays",139
"200","N",2270,"DSL Cubs Red","/api/v1/teams/2270",2022,"dch","t2270","DSL CUBR","DSL Cubs Red","United States","2008","DSL Cubs Red","DSL Cubs Red","DSL Cubs Red",TRUE,NA,"","","",401,"TBD","/api/v1/venues/401",NA,"",130,"Dominican Summer League","/api/v1/league/130",401,"Dominican Summer League Northeast","/api/v1/divisions/401",16,"/api/v1/sports/16","Rookie","Chicago Cubs",112
"201","N",5087,"DSL D-backs Red","/api/v1/teams/5087",2022,"ddb","t5087","DSL DBR","DSL D-backs Red","United States","2016","DSL D-backs Red","DSL D-backs Red","DSL D-backs Red",TRUE,NA,"","","",401,"TBD","/api/v1/venues/401",NA,"",130,"Dominican Summer League","/api/v1/league/130",250,"Dominican Summer League Baseball City","/api/v1/divisions/250",16,"/api/v1/sports/16","Rookie","Arizona Diamondbacks",109
"202","N",607,"DSL Brewers1","/api/v1/teams/607",2022,"dbw","t607","DSL BRW1","DSL Brewers1","United States","1985","DSL Brewers1","DSL Brewers1","DSL Brewers1",TRUE,NA,"","","",401,"TBD","/api/v1/venues/401",NA,"",130,"Dominican Summer League","/api/v1/league/130",246,"Dominican Summer League San Pedro","/api/v1/divisions/246",16,"/api/v1/sports/16","Rookie","Milwaukee Brewers",158
"203","N",608,"DSL Cardinals","/api/v1/teams/608",2022,"dca","t608","DSL CAR","DSL Cardinals","United States","1987","DSL Cardinals","DSL Cardinals","DSL Cardinals",TRUE,NA,"","","",401,"TBD","/api/v1/venues/401",NA,"",130,"Dominican Summer League","/api/v1/league/130",248,"Dominican Summer League South","/api/v1/divisions/248",16,"/api/v1/sports/16","Rookie","St. Louis Cardinals",138
"204","N",609,"DSL Cubs Blue","/api/v1/teams/609",2022,"dcu","t609","DSL CUBB","DSL Cubs Blue","United States","1985","DSL Cubs Blue","DSL Cubs Blue","DSL Cubs Blue",TRUE,NA,"","","",401,"TBD","/api/v1/venues/401",NA,"",130,"Dominican Summer League","/api/v1/league/130",401,"Dominican Summer League Northeast","/api/v1/divisions/401",16,"/api/v1/sports/16","Rookie","Chicago Cubs",112
"205","N",610,"DSL D-backs Black","/api/v1/teams/610",2022,"ddi","t610","DSL DBB","DSL D-backs Black","United States","1996","DSL D-backs Black","DSL D-backs Black","DSL D-backs Black",TRUE,NA,"","","",401,"TBD","/api/v1/venues/401",NA,"",130,"Dominican Summer League","/api/v1/league/130",250,"Dominican Summer League Baseball City","/api/v1/divisions/250",16,"/api/v1/sports/16","Rookie","Arizona Diamondbacks",109
"206","N",611,"DSL Dodgers Bautista","/api/v1/teams/611",2022,"ddo","t611","DSL BAU","DSL Dodgers Bautista","United States","1985","DSL Dodgers Bautista","DSL Dodgers Bautista","DSL Dodgers Bautista",TRUE,NA,"","","",401,"TBD","/api/v1/venues/401",NA,"",130,"Dominican Summer League","/api/v1/league/130",249,"Dominican Summer League Northwest","/api/v1/divisions/249",16,"/api/v1/sports/16","Rookie","Los Angeles Dodgers",119
"207","N",612,"DSL Dodgers Mega","/api/v1/teams/612",2022,"ddg","t612","DSL DODM","DSL Dodgers Mega","United States","1990","DSL Dodgers Mega","DSL Dodgers Mega","DSL Dodgers Mega",TRUE,NA,"","","",401,"TBD","/api/v1/venues/401",NA,"",130,"Dominican Summer League","/api/v1/league/130",249,"Dominican Summer League Northwest","/api/v1/divisions/249",16,"/api/v1/sports/16","Rookie","Los Angeles Dodgers",119
"208","N",3430,"ACL Reds","/api/v1/teams/3430",2022,"cin","t3430","RED","ACL Reds","Goodyear","2010","ACL Reds","ACL Reds","ACL Reds",TRUE,NA,"","","",3834,"Goodyear Ballpark","/api/v1/venues/3834",NA,"",121,"Arizona Complex League","/api/v1/league/121",570,"Arizona Complex League Central","/api/v1/divisions/570",16,"/api/v1/sports/16","Rookie","Cincinnati Reds",113
"209","N",615,"DSL Giants Orange","/api/v1/teams/615",2022,"dgi","t615","DSL GIO","DSL Giants Orange","United States","1987","DSL Giants Orange","DSL Giants Orange","DSL Giants Orange",TRUE,NA,"","","",401,"TBD","/api/v1/venues/401",NA,"",130,"Dominican Summer League","/api/v1/league/130",248,"Dominican Summer League South","/api/v1/divisions/248",16,"/api/v1/sports/16","Rookie","San Francisco Giants",137
"210","N",616,"DSL Guardians Blue","/api/v1/teams/616",2022,"dgb","t616","DSL GUB","DSL Guardians Blue","United States","1987","DSL Guardians Blue","DSL Guardians Blue","DSL Guardians Blue",TRUE,NA,"","","",401,"TBD","/api/v1/venues/401",NA,"",130,"Dominican Summer League","/api/v1/league/130",247,"Dominican Summer League North","/api/v1/divisions/247",16,"/api/v1/sports/16","Rookie","Cleveland Guardians",114
"211","N",618,"DSL Mariners","/api/v1/teams/618",2022,"dmr","t618","DSL SEA","DSL Mariners","United States","1985","DSL Mariners","DSL Mariners","DSL Mariners",TRUE,NA,"","","",401,"TBD","/api/v1/venues/401",NA,"",130,"Dominican Summer League","/api/v1/league/130",248,"Dominican Summer League South","/api/v1/divisions/248",16,"/api/v1/sports/16","Rookie","Seattle Mariners",136
"212","N",619,"DSL Marlins","/api/v1/teams/619",2022,"dml","t619","DSL MRL","DSL Marlins","United States","1992","DSL Marlins","DSL Marlins","DSL Marlins",TRUE,NA,"","","",401,"TBD","/api/v1/venues/401",NA,"",130,"Dominican Summer League","/api/v1/league/130",249,"Dominican Summer League Northwest","/api/v1/divisions/249",16,"/api/v1/sports/16","Rookie","Miami Marlins",146
"213","N",620,"DSL Mets1","/api/v1/teams/620",2022,"dme","t620","DSL MET1","DSL Mets1","United States","1987","DSL Mets1","DSL Mets1","DSL Mets1",TRUE,NA,"","","",401,"TBD","/api/v1/venues/401",NA,"",130,"Dominican Summer League","/api/v1/league/130",401,"Dominican Summer League Northeast","/api/v1/divisions/401",16,"/api/v1/sports/16","Rookie","New York Mets",121
"214","N",2413,"DSL Rangers Red","/api/v1/teams/2413",2022,"drn","t2413","DSL RGRR","DSL Rangers Red","United States","2008","DSL Rangers Red","DSL Rangers Red","DSL Rangers Red",TRUE,NA,"","","",401,"TBD","/api/v1/venues/401",NA,"",130,"Dominican Summer League","/api/v1/league/130",246,"Dominican Summer League San Pedro","/api/v1/divisions/246",16,"/api/v1/sports/16","Rookie","Texas Rangers",140
"215","N",621,"DSL Orioles Black","/api/v1/teams/621",2022,"dor","t621","DSL ORB","DSL Orioles Black","United States","1985","DSL Orioles Black","DSL Orioles Black","DSL Orioles Black",TRUE,NA,"","","",401,"TBD","/api/v1/venues/401",NA,"",130,"Dominican Summer League","/api/v1/league/130",250,"Dominican Summer League Baseball City","/api/v1/divisions/250",16,"/api/v1/sports/16","Rookie","Baltimore Orioles",110
"216","N",622,"DSL Padres","/api/v1/teams/622",2022,"dpa","t622","DSL PAD","DSL Padres","United States","1987","DSL Padres","DSL Padres","DSL Padres",TRUE,NA,"","","",401,"TBD","/api/v1/venues/401",NA,"",130,"Dominican Summer League","/api/v1/league/130",250,"Dominican Summer League Baseball City","/api/v1/divisions/250",16,"/api/v1/sports/16","Rookie","San Diego Padres",135
"217","N",1390,"FCL Blue Jays","/api/v1/teams/1390",2022,"blj","t1390","BLU","FCL Blue Jays","Dunedin","1981","FCL Blue Jays","FCL Blue Jays","FCL Blue Jays",TRUE,NA,"","","",4569,"Bobby Mattick Complex","/api/v1/venues/4569",NA,"",124,"Florida Complex League","/api/v1/league/124",217,"Florida Complex League North","/api/v1/divisions/217",16,"/api/v1/sports/16","Rookie","Toronto Blue Jays",141
"218","N",623,"DSL Phillies Red","/api/v1/teams/623",2022,"dph","t623","DSL PHR","DSL Phillies Red","United States","1985","DSL Phillies Red","DSL Phillies Red","DSL Phillies Red",TRUE,NA,"","","",401,"TBD","/api/v1/venues/401",NA,"",130,"Dominican Summer League","/api/v1/league/130",246,"Dominican Summer League San Pedro","/api/v1/divisions/246",16,"/api/v1/sports/16","Rookie","Philadelphia Phillies",143
"219","N",624,"DSL Pirates Black","/api/v1/teams/624",2022,"dpi","t624","DSL PIRB","DSL Pirates Black","United States","1985","DSL Pirates Black","DSL Pirates Black","DSL Pirates Black",TRUE,NA,"","","",401,"TBD","/api/v1/venues/401",NA,"",130,"Dominican Summer League","/api/v1/league/130",401,"Dominican Summer League Northeast","/api/v1/divisions/401",16,"/api/v1/sports/16","Rookie","Pittsburgh Pirates",134
"220","N",625,"DSL Rangers Blue","/api/v1/teams/625",2022,"drg","t625","DSL RGRB","DSL Rangers Blue","United States","1987","DSL Rangers Blue","DSL Rangers Blue","DSL Rangers Blue",TRUE,NA,"","","",401,"TBD","/api/v1/venues/401",NA,"",130,"Dominican Summer League","/api/v1/league/130",246,"Dominican Summer League San Pedro","/api/v1/divisions/246",16,"/api/v1/sports/16","Rookie","Texas Rangers",140
"221","N",626,"DSL Red Sox Blue","/api/v1/teams/626",2022,"drs","t626","DSL RSB","DSL Red Sox Blue","United States","1996","DSL Red Sox Blue","DSL Red Sox Blue","DSL Red Sox Blue",TRUE,NA,"","","",401,"TBD","/api/v1/venues/401",NA,"",130,"Dominican Summer League","/api/v1/league/130",247,"Dominican Summer League North","/api/v1/divisions/247",16,"/api/v1/sports/16","Rookie","Boston Red Sox",111
"222","N",627,"DSL Red Sox Red","/api/v1/teams/627",2022,"drx","t627","DSL RSR","DSL Red Sox Red","United States","2000","DSL Red Sox Red","DSL Red Sox Red","DSL Red Sox Red",TRUE,NA,"","","",401,"TBD","/api/v1/venues/401",NA,"",130,"Dominican Summer League","/api/v1/league/130",247,"Dominican Summer League North","/api/v1/divisions/247",16,"/api/v1/sports/16","Rookie","Boston Red Sox",111
"223","N",628,"DSL Reds","/api/v1/teams/628",2022,"drd","t628","DSL REDS","DSL Reds","United States","1987","DSL Reds","DSL Reds","DSL Reds",TRUE,NA,"","","",401,"TBD","/api/v1/venues/401",NA,"",130,"Dominican Summer League","/api/v1/league/130",250,"Dominican Summer League Baseball City","/api/v1/divisions/250",16,"/api/v1/sports/16","Rookie","Cincinnati Reds",113
"224","N",629,"DSL Rockies","/api/v1/teams/629",2022,"dro","t629","DSL ROC","DSL Rockies","United States","1991","DSL Rockies","DSL Rockies","DSL Rockies",TRUE,NA,"","","",401,"TBD","/api/v1/venues/401",NA,"",130,"Dominican Summer League","/api/v1/league/130",248,"Dominican Summer League South","/api/v1/divisions/248",16,"/api/v1/sports/16","Rookie","Colorado Rockies",115
"225","N",1270,"DSL Nationals","/api/v1/teams/1270",2022,"dwa","t1270","DSL NAT","DSL Nationals","United States","1987","DSL Nationals","DSL Nationals","DSL Nationals",TRUE,NA,"","","",401,"TBD","/api/v1/venues/401",NA,"",130,"Dominican Summer League","/api/v1/league/130",248,"Dominican Summer League South","/api/v1/divisions/248",16,"/api/v1/sports/16","Rookie","Washington Nationals",120
"226","N",630,"DSL Royals Glass","/api/v1/teams/630",2022,"dry","t630","DSL ROYG","DSL Royals Glass","United States","1985","DSL Royals Glass","DSL Royals Glass","DSL Royals Glass",TRUE,NA,"","","",401,"TBD","/api/v1/venues/401",NA,"",130,"Dominican Summer League","/api/v1/league/130",247,"Dominican Summer League North","/api/v1/divisions/247",16,"/api/v1/sports/16","Rookie","Kansas City Royals",118
"227","N",631,"DSL Tigers1","/api/v1/teams/631",2022,"dti","t631","DSL TIG1","DSL Tigers1","United States","1987","DSL Tigers1","DSL Tigers1","DSL Tigers1",TRUE,NA,"","","",401,"TBD","/api/v1/venues/401",NA,"",130,"Dominican Summer League","/api/v1/league/130",246,"Dominican Summer League San Pedro","/api/v1/divisions/246",16,"/api/v1/sports/16","Rookie","Detroit Tigers",116
"228","N",632,"DSL Twins","/api/v1/teams/632",2022,"dtw","t632","DSL TWI","DSL Twins","United States","1985","DSL Twins","DSL Twins","DSL Twins",TRUE,NA,"","","",401,"TBD","/api/v1/venues/401",NA,"",130,"Dominican Summer League","/api/v1/league/130",248,"Dominican Summer League South","/api/v1/divisions/248",16,"/api/v1/sports/16","Rookie","Minnesota Twins",142
"229","N",633,"DSL White Sox","/api/v1/teams/633",2022,"dws","t633","DSL WSX","DSL White Sox","United States","1987","DSL White Sox","DSL White Sox","DSL White Sox",TRUE,NA,"","","",401,"TBD","/api/v1/venues/401",NA,"",130,"Dominican Summer League","/api/v1/league/130",246,"Dominican Summer League San Pedro","/api/v1/divisions/246",16,"/api/v1/sports/16","Rookie","Chicago White Sox",145
"230","N",5370,"ACL Giants Orange","/api/v1/teams/5370",2022,"gio","t5370","GNTO","ACL Giants Orange","Phoenix","2018","ACL Giants Orange","ACL Giants Orange","ACL Giants Orange",TRUE,NA,"","","",2824,"Papago Sports Complex","/api/v1/venues/2824",NA,"",121,"Arizona Complex League","/api/v1/league/121",560,"Arizona Complex League East","/api/v1/divisions/560",16,"/api/v1/sports/16","Rookie","San Francisco Giants",137
"231","N",634,"DSL Bombers","/api/v1/teams/634",2022,"dya","t634","DSL BOM","DSL Bombers","United States","1985","DSL Bombers","DSL Bombers","DSL Bombers",TRUE,NA,"","","",401,"TBD","/api/v1/venues/401",NA,"",130,"Dominican Summer League","/api/v1/league/130",401,"Dominican Summer League Northeast","/api/v1/divisions/401",16,"/api/v1/sports/16","Rookie","New York Yankees",147
"232","N",635,"DSL Yankees","/api/v1/teams/635",2022,"dyn","t635","DSL YAN","DSL Yankees","United States","2002","DSL Yankees","DSL Yankees","DSL Yankees",TRUE,NA,"","","",401,"TBD","/api/v1/venues/401",NA,"",130,"Dominican Summer League","/api/v1/league/130",401,"Dominican Summer League Northeast","/api/v1/divisions/401",16,"/api/v1/sports/16","Rookie","New York Yankees",147
"233","N",5374,"ACL Guardians","/api/v1/teams/5374",2022,"gua","t5374","GUA","ACL Guardians","Goodyear","2018","ACL Guardians","ACL Guardians","ACL Guardians",TRUE,NA,"","","",3834,"Goodyear Ballpark","/api/v1/venues/3834",NA,"",121,"Arizona Complex League","/api/v1/league/121",570,"Arizona Complex League Central","/api/v1/divisions/570",16,"/api/v1/sports/16","Rookie","Cleveland Guardians",114
